1613442839,staywokeordie,"['Michael', 'Burry', 'says', 'gouge', 'an', 'eye', 'out', 'and', 'short', 'dog', 'coin...', 'I', 'mean', 'TSLA']",TSLA
1613438992,StonkWonker,"['TSLA', 'TO', 'MARS', 'ğŸš€ğŸš€ğŸš€']",TSLA
1613438228,Certain-Ebb-9411,"['Michael', 'Burry', 'deleted', 'tweets', 'about', '$TSLA']",TSLA
1613437991,setoxxx,"['True', 'Story', 'of', 'a', 'Redditor', 'that', 'sold', '$GME', 'for', '$TSLA']",TSLA
1613436360,shadyshit123,"['Thoughts', 'on', 'the', 'stock', 'which', 'Sir', 'Elon', 'is', 'pushing?', '(Canâ€™t', 'say', 'the', 'name', 'in', 'the', 'title)']",TSLA
1613435568,bri_82,"['NOK', 'and', 'Elon', 'Musk', 'means', 'Nokia', 'is', 'going', 'to', 'rocket', 'ğŸš€']",TSLA
1613434196,PvsT2008,"['TSLA', 'second', 'split', 'coming?', 'What', 'do', 'you', 'think?', 'Makes', 'sense', 'if', 'it', 'shoots', 'to', '2000', 'again.']",TSLA
1613424891,Hotshotuneed,"['elon', 'talked', 'etc', '!!!']",TSLA
1613424763,KingTrade54,"['$TSLA', 'Trading', 'Short', 'via', 'ShortAlgo']",TSLA
1613421092,ShortAlgoKing,"['$TSLA', '(TESLA)', 'Trading', 'Short', 'via', 'ShortAlgo']",TSLA
1613415432,billyMfQindamix,"['$AMC', 'ELON']",TSLA
1613410856,billyMfQindamix,"['#AMC', 'Shout', 'out', 'to', 'Elon', 'Musk', 'invest', 'in', 'amc', 'and', 'we', 'the', 'people', 'will', 'invest', 'in', 'the', 'puppyğŸ’ğŸ’ğŸ’ğŸ’ğŸ’ğŸ’ğŸ™ğŸ™ğŸ™ğŸ™ğŸ™ğŸ™ğŸ™ğŸ¦ğŸ¦ğŸ¦ğŸ¦ğŸ¦ğŸš€ğŸš€ğŸš€ğŸš€ğŸš€ğŸŒ˜ğŸŒ˜ğŸŒ˜']",TSLA
1613410346,Coins_to_the_moon,"['Thats', 'a', 'Fake', 'or', '?', 'Elon', 'Post', 'This', 'on', 'Twitter']",TSLA
1613408341,Ordinary-Salary4085,"['ElON', 'MUSK', 'GETTING', 'CALLED', 'OUT.', 'OUCH!!']",TSLA
1613405936,FullYoloStudentLoan,"['Is', 'Elon', 'Musk', 'buying', 'SPMT?????', 'ğŸš€ğŸŒš']",TSLA
1613400391,BakkaChoi,"['Elon', 'the', 'Gawd']",TSLA
1613392194,_MACY_,"['I', 'made', 'an', 'Elon', 'Musk', 'shirt', 'for', 'all', 'the', 'fans', 'like', 'me', 'and', 'his', 'crazy', 'invest', 'a', 'few', 'days', 'before', '^^']",TSLA
1613390234,cupadinho,"['r/wallstreetbets', 'after', 'itğŸš€', 'goes', 'to', 'the', 'ğŸŒ’moonğŸŒ’', '/w', 'Elon', 'Musk']",TSLA
1613386136,CriRok,"['Current', 'state', 'of', 'GME,', 'and', 'Elon', 'theory.ğŸ¤“']",TSLA
1613380106,TammyPrice,"['Weed', 'Out', 'the', 'Whales,', 'checked', 'the', 'top', '100', 'whales', 'and', '47', 'of', 'them', 'sold', 'already,', 'now', 'just', 'wanting', 'on', 'the', 'others,', 'the', 'only', 'problem', 'is', 'people', 'are', 'buying', 'the', 'dip', 'they', 'should', 'wait', 'until', 'itâ€™s', 'lower', 'than', 'we', 'make', 'the', 'rest', 'of', 'the', 'whales', 'start', 'losing', 'money', 'and', 'then', 'they', 'will', 'sale', 'and', 'then', 'boom', 'Elon', 'ğŸ’ğŸ’ğŸš€ğŸš€']",TSLA
1613360754,JeanSan1,"['sell', 'd-o-g-e-s', 'elon', 'musk']",TSLA
1613357499,Follow-noOne,"['Elon', 'is', 'tweeting', 'or', 'is', 'it', 'twittering']",TSLA
1613356432,Shep1117,"['Elon', 'is', 'signaling', 'us!', 'All', 'in', 'baby']",TSLA
1613355209,StonkWonker,"['I', 'would', 'give', 'my', 'left', 'thumb', 'to', 'hear', 'the', 'way', 'Elon', 'would', 'have', 'said', 'â€œLil', 'meme', 'juice', 'for', 'the', 'weekendâ€', 'in', 'his', 'own', 'voice']",TSLA
1613354690,MatrixLivin,"['ME', 'AND', 'ELON', 'ARE', 'READY', 'FOR', 'TAKEOFF', 'ATTENTION', 'RETARDS', 'I', 'REPAT', 'ATTENTION', 'RETARDS', '!', 'read', 'comment']",TSLA
1613353436,300_BlackoutDrunk,"['Elon', 'Musk', 'suggesting', 'top', 'holders', 'to', 'sell-out.']",TSLA
1613352727,Scrappiepanda,"['Elon', 'speaks']",TSLA
1613351026,payinitfwrd,"['Let', 'ELON', 'live', 'fkkk']",TSLA
1613350970,payinitfwrd,"['Let', 'Elon', 'live', 'fkkk']",TSLA
1613348921,Endo_cannabis,"['Elon', 'Musk', 'just', 'tweeted', '420', 'JUST', 'BLAZE', 'IT', 'about', 'SNDL!!!']",TSLA
1613348802,Endo_cannabis,"['Elon', 'Musk', 'just', 'tweeted', '420', 'JUST', 'BLAZE', 'IT', 'about', 'SNDL!!!']",TSLA
1613348693,AvailableSelection41,"['The', 'fucking', 'Whale', 'wants', 'that', 'we', 'lost,', 'but', 'Elon', 'standing', 'behind', 'us', 'and', 'we', 'have', 'to', 'standing', 'behind', 'Elon.', 'We', 'must', 'hold', 'the', 'line.', 'Together', 'we', 'are', 'strong']",TSLA
1613346873,Equivalent_Offer_728,"['Elon', 'just', 'dropped', 'tweet', 'about', 'you', 'know', 'what.....']",TSLA
1613346755,Equivalent_Offer_728,"['Elon', 'just', 'dropped', 'a', 'new', 'tweet.', 'Time', 'to', 'buy', 'up', 'that', 'Doggie', 'Dog']",TSLA
1613346188,Big-Teach-272,"['Elon', 'said', 'if', 'yâ€™all', 'sell', 'he', 'gone', 'buy', 'all', 'the', 'shit', 'up', 'lol', 'better', 'hold', 'on!', 'ğŸ˜‚', '#reversepsychology']",TSLA
1613345921,CashOrCoins,"['Elon', 'says', 'hold']",TSLA
1613342905,Mr_Wasteed,"['Elon', 'Musk', 'grilling', 'Vlad', ""Robinhood's"", 'CEO', 'on', 'Clubhouse', 'App', '|', 'Full', 'Interview', '|', 'Clubhouse', 'Podcasts']",TSLA
1613341759,ayeayeok,"['$TSLA', 'UNDERVALUED', 'DD', 'BELOW']",TSLA
1613329239,PackageCreepy2096,"['Hi', 'how', 'are', 'you.', ""I'm"", 'Elon', 'and', 'the', 'people', 'money', 'up', 'in', '3', 'hours', 'beacause', ""I'm"", 'invest', 'much.', 'bye']",TSLA
1613321415,777Bart,"['BOTS,', 'Inc.', '(BTZI)', 'is', 'going', 'to', 'the', 'moon', 'by', 'Optimizing', 'the', 'Supply', 'Chain', 'Management', 'for', 'the', 'Legal', 'Cannabis', 'Industry.', 'With', 'Elon', 'and', 'legal', 'marijuana', 'we', 'will', 'get', 'to', 'the', 'moon.']",TSLA
1613293208,pilotino777,"['Elon', 'DOG']",TSLA
1613293169,pilotino777,"['Elon', 'DOG']",TSLA
1613286047,SnooShortcuts7660,"['Letâ€™s', 'send', 'Elon', 'musks', 'coin', '100%.', 'Us', 'small', 'people', 'need', 'to', 'make', 'money.', 'Please', 'yâ€™all.']",TSLA
1613274801,cantinflas15,"['TSLA', 'to', 'build', 'plant', 'in', 'southern', 'India-Reuters']",TSLA
1613274734,cantinflas15,"['TSLA', 'to', 'build', 'plant', 'in', 'southern', 'India-', 'Reuters']",TSLA
1613263267,Berisha11,"['why', 'TSLA', 'is', 'actually', 'STILL', 'undervalued', 'at', 'these', 'levels.']",TSLA
1613262962,Berisha11,"['why', 'TSLA', 'is', 'actually', 'STILL', 'undervalued', 'at', 'these', 'levels.']",TSLA
1613262732,Berisha11,"['why', 'TSLA', 'is', 'actually', 'STILL', 'undervalued', 'at', 'these', 'levels.']",TSLA
1613258197,FlyMoneyBag,"['TSLA', 'Will', 'Continue', 'To', 'PleaseğŸ’¸']",TSLA
1613256429,CRABAPPLE2020,"['CRABAPPLE', 'loves', 'ELON']",TSLA
1613255127,TechHedz,"['F@##', 'The', 'Moon!!!', ""Let's"", 'go', 'to', 'Mars', 'with', 'ELON', 'and', 'AMD!!!']",TSLA
1613254607,TechHedz,"['F@**', 'The', 'Moon!!!', ""Let's"", 'Go', 'to', 'MARS', 'with', 'AMD', '&amp;', 'ELON']",TSLA
1613254151,longandthickx,"['$TSLA', 'undervalued.', 'Hereâ€™s', 'why.']",TSLA
1613253980,StonkWonker,"['$TSLA', '-', 'Elon', 'is', 'Genius', '(that', 'partâ€™s', 'not', 'news,', 'dipshits)']",TSLA
1613252500,United-Strength3991,"['$Dent', 'wireless', 'has', 'partnered', 'with', 'Apple', 'And', 'Elon', ""Musk's"", 'Starlink', 'Programme!', 'This', 'is', 'HUGE!']",TSLA
1613250265,IS_JOKE_COMRADE,"['TSLA', 'is', 'the', 'only', 'EV', 'company', 'outside', 'of', 'China', 'thatâ€™s', 'selling', 'cars', 'rnâ€”Volkswagen', 'is', 'faking', 'its', 'numbers.', 'ID3', 'â€œdeliveriesâ€', 'have', 'been', 'spammed', 'ad', 'infinitum', 'by', 'the', 'bears', 'recently', 'as', 'the', 'â€œarrival', 'of', 'the', 'competitionâ€.', 'TSLA', 'EV', 'market', 'share', 'projections', 'underestimated']",TSLA
1613235635,want-to-improve,"[""Here's"", 'what', 'Elon', 'Musk', 'say', 'about', 'the', 'latest', 'coin', 'craze:', 'a', '43', 'second', 'audio', 'with', 'captions:', ""Don't"", 'invest', 'your', 'life', 'savings', 'and', 'go', 'too', 'far', 'in', 'speculation.', '#ToTheMoon']",TSLA
1613231685,blackpolarbear1,"['Elon', 'can', 'you', 'help', 'us', 'out.', 'Dave', 'Chappelle', 'you', 'goat!']",TSLA
1613226258,AdAccomplished7869,"['Elon', 'Musk', 'buys', '$', '100', 'million', 'DG']",TSLA
1613216975,d-a-n-ii,"['Cyberpunk', '2077', 'with', 'Elon', 'Musk', 'to', 'the', 'Moon', 'ğŸš€ğŸš€']",TSLA
1613216782,d-a-n-ii,"['Help', 'Cyberpunk', '2077', 'with', 'Elon', 'Musk', 'to', 'the', 'Moon', 'ğŸš€', '#fuck', 'Malvin']",TSLA
1613199616,KRVROTMG,"['$TSLA', 'is', 'positioned', 'for', 'a', 'massive', 'reversal']",TSLA
1613197920,israel7124,"['Please', 'help', 'TSLA']",TSLA
1613195188,phoenixStalfos,"['Who', 'just', 'dropped', 'a', 'billion', 'on', 'B!tcoin.', 'Elon', 'are', 'you', 'there?']",TSLA
1613187328,westbourn,"['BRK', '13F', '-', 'SBOC', '-', '$TSLA', '&amp;', 'The', 'Fall', 'of', 'Troy']",TSLA
1613185491,westbourn,"['BRK', '13F', 'due', '-', 'is', '$TSLA', 'the', 'mystery', 'buy?']",TSLA
1613184101,Sea-Ad-6841,"['Maybe', 'Dcoin', 'will', 'be', 'the', 'used', 'on', 'Mars', 'when', 'Elon', 'takes', 'it', 'over']",TSLA
1613181948,Historyofdelusion,"['Finally', 'yâ€™all', 'can', 'get', 'communion', 'from', 'papa', 'elon']",TSLA
1613178460,tastymangoes,"['$TSLA', 'is', 'going', 'to', 'the', 'MOON', 'ğŸš€ğŸš€', ""HERE'S"", 'WHY....']",TSLA
1613174268,ccre4life,"['This', 'happened', 'to', 'TSLA', 'after', 'hours.', 'This', 'is', 'how', 'Elon', 'signals', 'his', 'people', 'to', 'buy.', 'Tuesday', 'is', 'going', 'to', 'be', 'sweet.']",TSLA
1613171355,RalphJameson,"['So', 'today', 'I', 'bought', 'a', 'TSLA', 'put', '30', 'minutes', 'before', 'market', 'close.', '3', 'minutes', 'after', 'close', 'my', 'buddy', 'sent', 'me', 'an', 'article', 'that', 'came', 'out', '10', 'minutes', 'before', 'market', 'close', 'that', 'Tesla', 'is', 'making', 'a', 'roadster', 'with', 'rocket', 'technology,', 'that', 'hovers', 'up', 'to', '6ft.', 'RIP', 'me']",TSLA
1613168962,frankiexile,"['General', ""Motors'"", 'New', 'logo', 'might', 'be', 'hinting', 'at', 'an', 'Elon', 'Musk', 'buyout?????']",TSLA
1613167584,malekov,"['Elon', 'made', 'Tesla', 'buy', 'exactly', '42069', 'BTC:', 'proof']",TSLA
1613167423,Theaceofspaeder,"['Never', 'have', 'paper', 'hands', 'â€”', 'bought', '$tsla', '$805s', 'today', 'for', '$2,', 'set', 'a', 'limit', 'sell', 'of', '$10,', 'and', 'with', 'just', 'a', 'half', 'hour', 'left,', 'it', 'eclipsed', '$2.', 'I', 'cancelled', 'my', 'limit,', 'sold', 'them', 'for', '$2.20...', '10', 'mins', 'later', 'they', 'were', 'going', 'to', '$12', 'â€”', 'just', 'a', '$15k', 'swing,', 'who', 'cares?', 'Technically', 'not', 'a', 'loss,', 'but', 'I', 'sure', 'feel', 'like', 'a', 'loser!']",TSLA
1613167077,callipygian_you,"['Elon', 'Musk', 'sucks']",TSLA
1613162545,torontomadlad,"['Rumours', 'Elon', 'to', 'acquire', 'Aurora', 'Solar', 'Technologies']",TSLA
1613161765,TBirdPhD,"['$TSLA', 'realized', 'gains', 'from', 'a', 'YOLO', 'when', 'I', 'had', 'no', 'idea', 'what', 'I', 'was', 'doing,', 'this', 'is', 'life', 'changing', 'money', 'for', 'me.']",TSLA
1613156947,Tystrologer,"['Just', 'wanted', 'to', 'remind', 'everyone', 'that', 'planetary', 'transits', 'indicate', '$TSLA', 'Tesla', 'is', 'a', 'strong', 'BUY', '&amp;', 'HOLD', 'down', 'here', 'â€”', 'We', 'fucked', 'a', 'lot', 'of', 'shorts', 'in', '2020,', 'itâ€™s', 'consolidated', '&amp;', 'only', 'heading', 'to', 'the', 'moon', 'from', 'here', 'ğŸŒ•', 'â€”', 'Astrologer', 'Tyler', 'Shoemaker']",TSLA
1613156486,frankiexile,"['General', ""Motors'"", 'new', 'logo', 'might', 'be', 'hinting', 'that', 'Elon', 'Musk', 'is', 'gonna', 'buy', 'them', 'out??????']",TSLA
1613156472,Tystrologer,"['Just', 'wanted', 'to', 'remind', 'everyone', 'that', 'planetary', 'transits', 'indicate', '$TSLA', 'Tesla', 'is', 'a', 'strong', 'BUY', '&amp;', 'HOLD', 'down', 'here', 'â€”', 'We', 'fucked', 'a', 'lot', 'of', 'shorts', 'in', '2020,', 'itâ€™s', 'consolidated', '&amp;', 'only', 'heading', 'to', 'the', 'moon', 'from', 'here', 'ğŸŒ•', 'â€”', 'Astrologer', 'Tyler', 'Shoemaker']",TSLA
1613156361,frankiexile,"['General', ""Motors'"", 'new', 'logo', 'might', 'be', 'hinting', 'that', 'Elon', 'Musk', 'is', 'gonna', 'buy', 'them', 'out??????']",TSLA
1613156335,frankiexile,"['General', ""Motors'"", 'new', 'logo', 'might', 'be', 'hinting', 'that', 'Elon', 'Musk', 'is', 'gonna', 'buy', 'them', 'out??????']",TSLA
1613154656,AffectionateRaise536,"['Elon', 'Musketeers', 'fellas', 'ğŸš€']",TSLA
1613151849,RagingHippo33469,"['$TSLA', 'FSD', 'is', 'actually', 'a', 'ğŸš€']",TSLA
1613148011,nupe_money,"['$FSR', 'short', 'interest', 'at', '8%.', 'Up', '25%', 'today', 'on', 'heavy', 'volume.', 'This', 'is', 'the', 'next', '$TSLA']",TSLA
1613147982,Due_Profile6075,"['Elon', 'Musk', 'and', 'Robinhood', 'CEO']",TSLA
1613144138,Commercial-Group8534,['tsla'],TSLA
1613143852,Commercial-Group8534,"['Help', 'Daddy', 'Elon']",TSLA
1613142390,Affectionate-Age-886,"['Is', 'TSLA', 'targeted', 'by', 'short', 'sellers', '?']",TSLA
1613141954,blamblamblamalam,"['News', 'outlets', 'praise', 'TSLA', 'on', 'Option', 'Put', 'Friday']",TSLA
1613135681,Admirable_Chair4789,"['Englobal', '$100', 'million', 'carbon', 'capture', 'Elon', 'Tesla']",TSLA
1613135599,Admirable_Chair4789,"['Englobal', 'carbon', 'capture', '$100', 'million', 'carbon', 'capture', 'Elon', 'Tesla']",TSLA
1613135524,Admirable_Chair4789,"['Englobal', '$100', 'million', 'carbon', 'capture', 'prize', 'Elon']",TSLA
1613131961,dosengurKe,"['Elon', 'Stocks', '-', 'get', 'rich', 'on', 'SMS', 'Push', ':-*']",TSLA
1613131079,Unable_Post_6288,"['TSLA', 'being', 'clobbered', 'with', 'shorts', 'and', 'bad', 'publicity.', 'Are', 'they', 'punishing', 'Musk', 'for', 'creativity?']",TSLA
1613126414,StonksOnToast,"['TLRY', 'stonks', 'will', 'moon', 'the', 'minute', 'Elon', 'Musk', 'Tweets', 'one', 'word', 'about', 'dope.', 'We', 'all', 'know', 'heâ€™s', 'gonna.', 'ğŸš€ğŸŒ™']",TSLA
1613123347,Lord-Fonay,"['Elon', 'Musk', 'Quantum', 'genmics']",TSLA
1613121152,GoAgainstHedgefonds,"['Elon', 'once', 'said:', 'halo', 'collective.']",TSLA
1613115191,Notyourdaddy89,"['What', 'do', 'you', 'apes', 'think', 'of', 'the', 'new', '$7000', 'tax', 'credit', 'on', 'EVs?', 'Could', 'TSLA', 'go', 'ğŸš€ğŸš€', 'again?']",TSLA
1613112404,NewCow,"['is', 'this', 'OG', 'TSLA', 'enough', 'for', 'you', 'dumbasses']",TSLA
1613109355,unicornwrangler209,"['elon', 'wallet', 'found', 'it', '!!!!!!', 'who', 'wants', 'to', 'know?']",TSLA
1613108866,New_Addition7280,"['TSLA', 'Bout', 'To', 'Crash', 'On', 'The', '7Th', 'Test', '/', 'SPY', 'At', 'High', 'On', 'Fib', 'Retracement', 'ğŸŒ§ğŸŒ§ğŸŒª']",TSLA
1613106335,SN0T_Bubbles,"['Could', '$TSLA', 'be', 'the', 'Golden', 'Goose']",TSLA
1613105836,Head-Ad-3229,"['Elon', 'on', 'that', 'Ox', '...', 'letâ€™s', 'go!']",TSLA
1613101235,Decent_Meal2619,"[""Where's"", 'the', 'Elon', 'tweet', 'when', 'you', 'need', 'it.']",TSLA
1613101034,Mavric723,"['So', 'I', 'want', 'to', 'buy', 'a', 'cybertruck', 'using', 'TSLA', 'stock', 'any', 'thoughts', 'on', 'how', 'I', 'can', 'make', 'this', 'happen?']",TSLA
1613098665,Man_of_Hour,"['$TSLA', 'Fuck', 'Jeff', 'Bezos,', 'Elon', 'Musk', 'deserves', 'to', 'be', 'the', 'richest', 'person', 'alive.', 'Iâ€™m', 'going', 'all', 'on', 'baby!']",TSLA
1613096306,jagyolo,"['My', 'portfolio', 'is', 'dying', 'and', 'Iâ€™m', 'desperate', '$42k', 'TSLA', 'calls', 'Yolo']",TSLA
1613092507,poopybumbum1,"['I', ""don't"", 'think', ""I'm"", 'playing', 'this', 'game', 'right.', 'Positions', 'were', 'mostly', 'TSLA', 'and', 'PLTR', 'FDs.']",TSLA
1613091416,BzMigs,"['Kimball', 'Musk', 'sells', '$26MM', 'TSLA.', 'Shadow-signalling', 'Elon', 'taking', 'large', 'position', 'or', 'buying', 'A)', 'GME', 'or', 'B)', 'AMC?']",TSLA
1613090409,teddiric,"['An', 'unlimited', 'supply', 'of', 'windshield', 'wiper', 'fluid.', 'Never', 'bet', 'against', 'papa', 'Elon', 'ğŸš€ğŸš€ğŸš€']",TSLA
1613088918,finnholbrook,['TSLA'],TSLA
1613088600,saggysaucy,"['What', 'are', 'you', 'moves', 'on', 'TSLA', 'for', '2021?']",TSLA
1613087676,GrapefruitPleasant27,"['Elon', 'Musk', 'on', '2/11', 'JRE', 'Podcast', 'smokes', 'again!??!?!?!']",TSLA
1613083254,KongJamo,"['Pappa', 'Elon', 'on', 'JRE', 'ğŸš€']",TSLA
1613083225,Due-Courage-9856,"['Elon', 'Musk', 'on', '0x', 'ğŸ¥³']",TSLA
1613080988,Krios625,"['Remember', 'When', 'Elon', 'Rightfully', 'Called', 'The', 'SEC', 'the', '""Shortseller', 'Enrichment', 'Market""', '2', 'Years', 'Ago', 'and', 'Crammer', 'Called', 'Him', 'Bipolar', 'In', 'Response']",TSLA
1613080615,SONBADGUY,"['Elon', 'HELP!', 'Saved', 'up', 'to', 'buy', '1', 'stock', 'to', 'hold', 'to', 'get', 'a', 'Tesla', 'but', 'I', 'already', 'lost', '$50']",TSLA
1613080322,just_sun_guy,"['Papa', 'Elon', 'just', 'tweeted', 'about', 'the', 'year', 'of', 'the', 'Ox!', 'You', 'know', 'what', 'else', 'looks', 'like', 'Ox?', 'The', 'DeFi', 'coin', 'â€œ0xâ€', '(ZRX).', 'Itâ€™s', 'blowing', 'up.', 'Itâ€™s', 'going', 'to', 'the', 'moon', 'currently!', 'Check', 'it', 'out!', 'To', 'the', 'mooooon!!!', 'ğŸ™ŒğŸ¼ğŸ’ğŸ’ªğŸ¼ğŸš€ğŸŒ™']",TSLA
1613078126,Is_this_a_catinzehat,"['...', 'Anyone', 'Else', 'Want', 'to', 'Talk', 'About', '$TSLA', 'LEAP', 'Put', 'Options?']",TSLA
1613077094,zafer_,"['Papa', 'Elon', 'Musk', 'Token,', 'imagIn', 'Musk', 'sees', 'this', 'master', 'piece', 'ğŸ˜‚ğŸš€ğŸš€']",TSLA
1613076740,Seatt50kd,"['43,000%', 'on', 'TSLA', 'calls', 'since', 'may', '2020']",TSLA
1613075619,Sharkoffs,"['ELON', 'MUSK', 'Just', 'went', 'on', 'Joe', 'Rogan', 'Experience', 'an', 'hour', 'ago!', 'TESLA', 'about', 'to', 'FLY!']",TSLA
1613074233,Crypto_Musat,"['elon', 'musk', 'coin!!']",TSLA
1613074087,stockporn,"['PAPA', 'ELON', 'IS', 'BULLISH', 'THIS', 'YEAR', 'LOAD', 'UP', 'ON', 'CALLS', 'NOT', 'FINANCIAL', 'ADVICE', 'IM', 'RETARDED']",TSLA
1613074058,Crypto_Musat,"['elon', 'musk', 'coin', '!!']",TSLA
1613073462,Mpeter86,"['Elon', 'Play']",TSLA
1613072712,Ok-Benefit-7081,"['TSLA', 'just', 'crossed', 'the', 'EMA', '55', 'ğŸš€ğŸš€', 'EMA', '9', 'also', 'just', 'crossed', 'above', 'the', 'EMA', '21']",TSLA
1613070916,waythrow355,"['Elon', 'on', 'the', 'JRE,', 'this', 'could', 'be', 'big', 'for', 'doggie', 'and', 'other', 'bets']",TSLA
1613070662,WallstreetExec027,"['Elon', 'buys', 'more', 'coin!!!']",TSLA
1613070621,elessart,"['You', 'know', 'what', 'Elon', 'is', 'NOT', 'tweeting?']",TSLA
1613070127,mogoengle93,"['Elon', 'on', 'jre']",TSLA
1613069151,KevinBuysStonks,"['Inside', 'informasjon,', 'Joe', 'Biden', 'forbids', 'CO2', 'cars', 'in', 'big', 'cities', 'in', 'US.', 'Buy', '$TSLA', 'and', '$NIO.', 'We', 'will', 'ride', 'it', 'to', 'the', 'moonğŸš€ğŸš€ğŸŒš']",TSLA
1613068486,Ok-Benefit-7081,"['Place', 'your', 'TSLA', 'calls', 'now!', 'Weâ€™re', 'reversing', 'back', 'to', '900', 'by', 'market', 'close', 'TODAY!!']",TSLA
1613067784,Spaaaartan,"['The', 'case', 'for', '$TSLA', 'short']",TSLA
1613066864,HDPAIN,"['Is', 'it', 'too', 'much', 'to', 'ask', 'Elon', 'to', 'tweet', 'about', 'Tesla?']",TSLA
1613066700,EducationalDoughnut9,"['turning', 'on', 'twitter', 'notifications', 'for', 'elon', 'and', 'wsb', 'hot', 'posts', 'is', 'not', 'DD']",TSLA
1613066578,EducationalDoughnut9,"['reading', 'wsb', 'posts', 'and', 'turning', 'on', 'twitter', 'notifications', 'for', 'Elon', 'musk', 'counts', 'as', 'DD????']",TSLA
1613066034,mogoengle93,"['Behind', 'elon', 'musk']",TSLA
1613065195,walter3smith,"['Me', 'taking', 'my', 'GME', 'profits', 'into', 'the', 'TSLA', 'dip.']",TSLA
1613063812,MegaSpear,"['Do', 'we', 'want', 'the', 'men', 'in', 'suits', 'tracking', 'us?', 'Should', 'we', 'have', 'false', 'positives', 'to', 'throw', 'their', 'scripts', 'off?', 'For', 'example:', '$IBM', '$TSLA']",TSLA
1613062864,Odd-Barracuda-,"['Aright', 'bagholders', 'i', 'think', 'hydrogen', 'is', 'going', 'to', 'give', 'Elon', 'some', 'competition', 'in', 'the', 'future', ',', 'Sunhydrogen', 'H', 'Y', 'S', 'R', 'prototypes', 'look', 'promising', ',', 'only', 'emissions', 'is', 'pure', 'water,', 'take', 'a', 'drive', 'get', 'a', 'drink', 'out', 'of', 'the', 'tailpipe,', 'i', 'like', 'it', 'and', 'im', 'thirsty']",TSLA
1613062614,JesusLikesPokemon,"['$TSLA', 'longs,', 'get', 'out', 'while', 'you', 'can,', 'Michael', 'Berry', 'warned', 'yesterday,', 'this', 'thread', 'from', 'alexharfouche1', 'explains', 'why', 'you', 'need', 'to', 'get', 'out', 'now']",TSLA
1613062053,Daniel-Fndz,"['The', 'moment', 'you', 'feel', 'like', 'Elon', 'with', 'all', 'the', 'weed', 'stocks', 'leaving', 'the', 'galaxyğŸš€ğŸš€ğŸš€']",TSLA
1613061964,Odd-Barracuda-,"['Aright', 'bagholders', 'i', 'think', 'hydrogen', 'going', 'to', 'give', 'Elon', 'some', 'competition', 'in', 'the', 'future', ',', 'Sunhydrogen', 'H', 'Y', 'S', 'R', 'prototypes', 'look', 'promising', ',', 'only', 'emissions', 'emissions', 'is', 'pure', 'water,', 'take', 'a', 'drive', 'get', 'a', 'drink', 'out', 'of', 'the', 'tailpipe,', 'i', 'like', 'it', 'and', 'im', 'thirsty']",TSLA
1613061595,Daniel-Fndz,"['The', 'moment', 'you', 'feel', 'like', 'Elon', 'with', 'all', 'the', 'weed', 'stocks', 'leaving', 'the', 'galaxy', 'ğŸš€ğŸš€ğŸš€']",TSLA
1613060305,bretatatatata,"['60x', 'TSLA', '12FEB21', '820c']",TSLA
1613059358,Admirable_Chair4789,"['Englobal', '100', 'million', 'carbon', 'capture', 'prize', 'Elon']",TSLA
1613059262,Admirable_Chair4789,"['Englobal', 'carbon', 'capture', '100', 'million', 'Elon']",TSLA
1613059115,Admirable_Chair4789,"['Englobal', 'carbon', 'capture', '100', 'million', 'Elon', 'bonus', 'â€œstill', 'under', 'radarâ€']",TSLA
1613058577,Admirable_Chair4789,"['Englobal', 'carbon', 'capture', '$100', 'million', 'Elon', 'Tesla', 'â€œblue', 'hydrogenâ€']",TSLA
1613058288,Admirable_Chair4789,"['Englobal', '$100', 'million', 'carbon', 'capture', 'Elon', 'Tesla']",TSLA
1613058111,Admirable_Chair4789,"['Englobal', 'carbon', 'capture', '100', 'million', 'Elon', 'Tesla']",TSLA
1613058005,Admirable_Chair4789,"['Englobal', 'carbon', 'capture', '$100', 'million', 'Elon', 'Tesla']",TSLA
1613057891,Admirable_Chair4789,"['Englobal', '$100', 'million', 'carbon', 'capture', 'Elon', 'Tesla']",TSLA
1613057791,durmaz112,"['ELON', 'MUSK', '!!!!!!', 'BUY', 'AND', 'HOLD', 'AMC!!!']",TSLA
1613057649,Admirable_Chair4789,"['Englobal', '$100', 'million', 'carbon', 'capture', 'Elon']",TSLA
1613056839,homeinthegta,"['$TSLA', 'Impending', 'Downturn', 'Alert', '-', 'Antonio', 'Gracias', 'Lead', 'Independent', 'Director', 'at', 'Tesla', 'sells', '98%', 'of', 'his', 'shares', 'for', '$128M,', 'Kimball', 'sells', '$25M', 'of', 'his', 'shares', 'on', 'Feb', '9th!']",TSLA
1613056089,Captain_Twaddle,"['Hopping', 'on', 'the', 'weed', 'train', 'with', 'some', 'Nickel', 'because', 'of', 'Elon']",TSLA
1613051068,Afraid_Temporary5167,"['The', 'shorts', 'are', 'starting', 'to', 'come', 'for', 'TSLA']",TSLA
1613050973,el-sri93,"['Elon', 'Musk', 'followers', 'be', 'like', 'buy', 'air', 'buy', 'air!', 'ğŸš€ğŸš€']",TSLA
1613050872,onejeepguy,"['TSLA', 'gonna', 'dive']",TSLA
1613049495,BiggMONEY888,"['Invest', 'in', 'TSLA,', 'help', 'Papa', 'Elon', 'a', 'bit']",TSLA
1613049430,BiggMONEY888,"['Invest', 'in', 'TSLA,', 'help', 'Papa', 'Elon', 'a', 'bit']",TSLA
1613048761,ImprovementPerfect10,"['Elon', 'papa', 'sndl']",TSLA
1613047587,invest208,"['Elon', 'Pushes', 'Doggie!']",TSLA
1613044834,Hear2Play,"['Where', 'is', 'Papa', 'Elon', 'on', '$D0GE!!!']",TSLA
1613041892,rozhasi,"['Is', '$TSLA', 'a', 'bubble?']",TSLA
1613041607,rozhasi,"['Is', '$TSLA', 'a', 'bubble?']",TSLA
1613041006,samot777777,"['Elon', 'Musk', ':', 'â€œAurora', 'Cannabis', 'will', 'be', 'the', 'next', 'Gamstopâ€', '!!!', 'BE', 'FAST', '!!!!']",TSLA
1613037976,schwechater_bier,"['New', 'TSLA', '?', 'What', 'are', 'your', 'opinions?']",TSLA
1613032490,Odd-Seaworthiness620,"['TSLA', 'PULL', 'BACK,', 'THEN', 'TO', 'THE', 'MOONğŸš€']",TSLA
1613029559,t3ch_o5pray,['TSLA'],TSLA
1613029342,dinosaur-in_leather,"['Dish', 'the', 'company', 'that', 'owns', 'Blockbuster', 'has', 'been', 'trying', 'to', 'use', 'FCC', 'legal', 'battle', 'to', 'hurt', 'elon', 'starlink', 'and', 'yet', 'I', 'see', 'people', 'posting', 'Blockbuster', 'memes.', 'Sad', 'ape']",TSLA
1613026198,bonsai199,"['A', 'Bull', 'case', 'for', 'Elon', 'to', 'BUY', 'AMC', 'for', 'at', 'least', '2B']",TSLA
1613025393,bonsai199,"['A', 'Bull', 'case', 'for', 'Elon', 'to', 'Acquire', 'AMC', 'for', 'at', 'least', '2B']",TSLA
1613025075,bonsai199,"['A', 'Bull', 'case', 'for', 'Elon', 'to', 'BUY', 'AMC', 'for', 'at', 'least', '2B']",TSLA
1613023976,UXO2020,"['Do', 'you', 'honestly', 'think,', 'although', 'he', 'obviously', 'finds', 'it', 'humorous,', 'Elon', 'is', 'serious', 'with', 'his', 'backing', 'of', 'dgecn?']",TSLA
1613022813,tomassantoskaizen,"['NO', 'COMPRE', 'BIT', 'COIN,', 'ELON', 'MUSK', 'NO', 'COMPRA', 'BIT', 'COIN,', 'TE', 'LO', 'VENDE']",TSLA
1613022706,tomassantoskaizen,"['elon', 'musk', 'no', 'esta', 'comprando', 'bit', 'coin,', 'los', 'esta', 'vendiendo']",TSLA
1613016081,BioMo,"['It', 'has', 'been', 'confirmed', 'Elon', 'Musk', 'was', 'smoking', 'one', 'of', 'Sundialâ€™s', 'most', 'potent', 'strains', 'of', 'weed', 'called', 'â€œFirst', 'on', 'Marsâ€', 'on', 'the', 'Joe', 'Rogan', 'Podcast.']",TSLA
1613014482,Nonyakira,"['Elon', 'Musk', 'may', 'tweet', 'about', 'GME', 'next', 'week']",TSLA
1613012061,turbogn86,"['Tsla', 'shorted', 'by?']",TSLA
1613011068,[deleted],"['ELON', 'MUSK-', 'MAN', 'OF', 'THE', 'PEOPLE']",TSLA
1613010865,bigbux82,"['Elon', 'wants', 'TLRY', '420', 'by', '4/20.']",TSLA
1613009746,Admirable_Hour5338,"['Elon', 'musk', 'to', 'buy', 'amc......oooowe', 'inside', 'tip']",TSLA
1613009691,US3R-ERR0R,"['Elon', 'is', 'gonna', 'make', 'a', 'run', 'for', 'it']",TSLA
1613009382,Federal_Promise3668,"['Elon', 'investment', ';)']",TSLA
1613008204,CambridgeVet,"['Elon', 'Musk', '-', 'Cryptocurrency', 'purchase']",TSLA
1613005925,AccomplishedSlice940,"['Went', 'all', 'in', 'on', 'TSLA', 'two', 'years', 'ago', 'when', 'I', 'was', 'in', 'high', 'school.', 'Put', 'basically', 'my', 'lifeâ€™s', 'savings', 'into', 'the', 'stock', 'because', 'I', 'believed', 'in', 'it', 'so', 'much.', 'Let', 'this', 'be', 'a', 'lesson', 'not', 'to', 'listen', 'to', 'the', 'doubters', 'and', 'hold', 'on', 'to', 'what', 'you', 'believe', 'in.']",TSLA
1613003764,Kujoda,"['lookalike', 'of', '...', 'Elon', '!?', 'ğŸ˜±ğŸ¤”']",TSLA
1613003024,[deleted],"['Elon', 'Musk', 'and', 'Jay', 'Conz', 'Buisness', 'Tips', 'for', 'the', 'Weekend', 'EXCLUSIVE', 'MARKET', 'WATCH']",TSLA
1613001518,currentlygrippy,"['Graphite', 'Industry..', 'Sitting', 'On', 'some', 'in', 'the', 'red', 'shares', 'for', '6', 'years', '-', 'Now', 'they', 'move?', 'General', 'ideas', 'on', 'the', 'industry,', 'recent', 'takeoffğŸš€,', 'is', ""it's"", 'value', 'in', 'battery', 'tech', 'pushed', 'further', 'forward', 'by', 'something', 'like', 'sustainable', 'mining?', 'PLUS', 'ELON', 'STROKING', 'VIDEOO', 'by', 'the', 'Big', 'North', 'American', 'mine.']",TSLA
1613001277,currentlygrippy,"['Graphite', 'Industry..', 'Sitting', 'On', 'some', 'in', 'the', 'red', 'shares', 'for', '6', 'years', '-', 'Now', 'they', 'move?', 'General', 'ideas', 'on', 'the', 'industry,', 'recent', 'takeoffğŸš€,', 'is', ""it's"", 'value', 'in', 'battery', 'tech', 'pushed', 'further', 'forward', 'by', 'something', 'like', 'sustainable', 'mining?', 'PLUS', 'ELON', 'STROKING', 'VIDEOO', 'by', 'the', 'Big', 'North', 'American', 'mine.']",TSLA
1613000376,[deleted],"['We', 'need', 'to', 'convince', 'papa', 'Elon', 'to', 'shoot', 'an', 'old', 'Gamestop', 'sign', 'to', 'the', 'moon.']",TSLA
1612998134,[deleted],"['Will', 'Papa', 'Elon', 'tweet', 'about', 'these', 'weed', 'stonks?', 'ğŸƒğŸŒ¬ğŸš€']",TSLA
1612997980,shebhdjdnejdjdjdjdj,['TSLA'],TSLA
1612997529,Afraid_Temporary5167,"['The', 'Gey', 'Fegs', 'boomers', 'are', 'coming', 'for', 'TSLA']",TSLA
1612996624,Afraid_Temporary5167,"['The', 'gey', 'feg', 'boomers', 'are', 'coming', 'for', 'TSLA']",TSLA
1612995000,JesusLikesPokemon,"['Michael', 'Burry', 'TSLA', 'ğŸ‘€', 'ğŸ‘€', 'time', 'to', 'stick', 'it', 'to', 'long', 'hedgies?', 'Reverse', 'Gamma', 'squeeze,', 'see', 'you', 'at', '$20']",TSLA
1612994244,Main-Department-7169,"['Dear', 'Elon', 'Musk...', 'can', 'you', 'do', 'me', 'a', 'favor?']",TSLA
1612994174,Profitkingx,"['All', 'we', 'need', 'is', 'Elon', 'to', 'help', 'out', '&amp;', 'sell', 'us', 'some', 'SpaceX', 'pre', 'ipo', 'shares', '&amp;', 'lil', 'X', 'to', 'start', 'tweeting', 'Go', 'Do-G', 'Coinâš¡ğŸ˜Š.', 'SNDL', '&amp;', 'ELCR', 'has', 'join', 'to', 'party...', '#BMF_PROFITKINGX', ""_let's"", 'goooooğŸŒ¬']",TSLA
1612993754,zbubich,"['Hold', 'TSLA', 'ğŸš€ğŸš€ğŸš€ğŸš€ğŸ’ğŸ’']",TSLA
1612993452,etorres353023,"['I', 'Love', 'Me', 'Good', 'Kush!', 'ğŸ’¨', '$320,000', 'Calls', 'YOLO.', 'Pass', 'The', 'Blunt', 'Elon']",TSLA
1612993436,Potential-Address342,"['I', 'was', 'thinking...', 'If', 'I', 'was', 'Elon', 'Musk,', ""I'd"", 'have', 'put', '1.5', 'B', 'in', 'GME', 'instead', 'of', 'bitcoins.', 'Then,', 'I', 'realized...', 'He', 'owns', 'fucking', 'SkyRockets', 'with', 'vertical', 'landing.', 'Elon', 'Musk', 'brain', 'would', 'never', 'think', 'like', 'my', 'Ape', 'brain.']",TSLA
1612992723,ManicOsg,['TSLA'],TSLA
1612991174,[deleted],"['Cmon', 'TSLA', 'what', 'the', 'heck', '(update', 'post,', 'as', 'requested)', 'ğŸŒ³ğŸš€ğŸŒ³ğŸš€ğŸŒ³ğŸš€']",TSLA
1612988867,grassmunkie,"['Elon', 'Musk', 'doing', 'a', 'Clubhouse', 'with', 'Kanye.', 'Wonder', 'what', 'heâ€™ll', 'talk', 'about.', 'More', 'good', 'publicity', 'for', 'Clubhouse', '&amp;', 'Agora', '($API)']",TSLA
1612988860,patmorerozay,"['$TSLA', 'is', 'dropping', 'b/c', 'Muskâ€™s', 'bratty', '1.5B', 'purchase', 'and', 'tweets']",TSLA
1612988812,TrashBlaster,"['In', 'Elon', 'We', 'Trust']",TSLA
1612987722,ttt_tomas,"['Elon', 'Musk', 'is', 'ready', 'to', 'BUY', 'GOLD..', 'Overtake', 'Elon', 'Musk', 'and', 'buy', 'it', 'now!', 'Allready', 'invested', '100k', 'with', 'leverage!', 'Be', 'a', 'part', 'of', 'this', 'massive', 'profitğŸ¤‘ğŸš€']",TSLA
1612986959,RavshanK2002,"['Get', 'Elon', 'to', 'Tweet', 'SNDL']",TSLA
1612986906,RavshanK2002,"['Get', 'Elon', 'to', 'tweet', '$SNDL']",TSLA
1612985736,rkay0820,"['NIO', 'Vs', 'TSLA', '--', 'Numbers', ""don't"", 'lie']",TSLA
1612985081,bmanalisay,['TSLA'],TSLA
1612983543,Admirable_Chair4789,"['Englobal', '100', 'million', 'Elon', 'carbon', 'capture', 'money', 'Tesla']",TSLA
1612983541,Squirtgun187,"['Which', 'one', 'of', 'you', 'Apes', 'went', 'YOLO', 'on', '223k', 'TSLA', 'puts', 'March21', '20', 'strike?']",TSLA
1612981943,Impressive_Ad3412,['ELON'],TSLA
1612981909,Bob_Lob_Law_OG,"['TSLA', 'Options', 'Less', 'Than', '100', 'Shares?']",TSLA
1612981458,reggiewills,"['Not', 'really', 'sure', 'where', 'to', 'put', 'this', 'post', 'Level', '2', 'DATA:', '$TLRY,', '$GME,', '$APHA,', '$SNDL,', '$AMC,', '$SPY,', '$TSLA', 'via', '@TopStockStreams']",TSLA
1612981307,Riri1717,"['Why', 'not', 'rally', 'with', 'Elon', 'musk', 'he', 'has', 'more', 'money', 'than', 'anyone', 'else', 'here', 'this', 'is', 'what', 'happens', 'when', 'he', 'buys', 'any']",TSLA
1612981125,WaltPwnz,"['Go', 'go', 'go', 'apes', '\U0001f9a7', 'toooooo', 'the', 'moooonnnnnnn', 'with', 'Elon', 'ğŸš€ğŸš€ğŸš€ğŸš€ğŸš€ğŸš€']",TSLA
1612980724,Dirtymack_andtheBoys,"['Elon', 'Musk+ğŸ•=', 'ğŸš€ğŸš€ğŸš€']",TSLA
1612978259,Jshbone12,"['TSLA', 'is', 'going', 'to', '1200', 'in', 'the', 'next', 'hour']",TSLA
1612977753,Hasansellsnj,"['Why', 'Did', 'Elon', 'Musk', 'write', 'âœï¸', 'something', 'on', 'his', 'Twitter', 'then', 'buys', 'something', 'else', '?']",TSLA
1612977231,Western-Historian-77,"['Elon', 'Musk', 'Buys', 'Coins', 'for', 'his', 'kid']",TSLA
1612976284,Sudden-Equipment5843,"['im', 'not', 'a', 'bot,', 'please', 'listen', 'me:', 'All', 'comment', 'on', 'twitter', 'elon', 'musk', 'stonks', '2.0!']",TSLA
1612976229,Sudden-Equipment5843,"['All', 'comment', 'on', 'twitter', 'elon', 'musk', 'stonks', '2.0!', 'broke', 'the', 'HF']",TSLA
1612976168,Sudden-Equipment5843,"['All', 'comment', 'on', 'twitter', 'elon', 'musk', 'stonks', '2.0!', 'Fuck', 'the', 'HF']",TSLA
1612976149,Wallstbrokers7,"['$OZSC', '$TSLA', '&amp;', '$AMZN', 'Contracts', 'are', 'going', 'threw=$$$', 'we', 'will', 'see', '$10.00', 'a', 'a', 'share', 'RATED', 'A', 'STRONG', 'BUY', 'BUY', 'BUY', '#OZSC', '&amp;', '$PTTN', 'AND', 'HOLD', ',MILLIONAIRES', 'IN', 'THE', 'MAKING', 'HERE!!']",TSLA
1612976055,bearf0x42,"['Target', 'prices:', 'GME,', 'AMC,', 'PLTR,', 'BB', '&amp;', 'TSLA', '//', 'SOURCE:', 'Free', 'options', 'data,', 'open', 'source', 'calculations']",TSLA
1612975709,MacaroonNo1506,"['Elon', 'still', 'tickling', 'the', 'Do_ge']",TSLA
1612975525,Characterflaws222,"['Daddy', 'Elon', 'is', 'pushing', 'the', 'ğŸ¶coin,', 'why', 'arenâ€™t', 'we', 'on', 'this!?', 'Just', 'put', 'in', '3Gs!!', 'ğŸš€']",TSLA
1612972216,FalcoMark,"['Elon', 'Musk', 'Is', 'Looking', 'At', 'Other', 'Alternatives', 'To', 'The', 'Dollar', 'Besides', 'Coins']",TSLA
1612972127,EmploymentStreet7274,"['Elon', 'Musk', 'bought', 'a', 'Shibayinu', 'for', 'the', 'Old', 'Town', 'Road,', 'TX', 'and', 'fly', 'from', 'there', 'to', 'the', 'moon', 'ğŸš€ğŸš€ğŸš€']",TSLA
1612971094,Nick20313,"['Sold', 'dog', 'at', '.001', 'sucks', 'right', 'now.', 'Elon', 'pumping', 'it!!!!!']",TSLA
1612970880,golfers12,['Elon'],TSLA
1612970561,Giodude24,"['Papa', 'Elon', 'would', 'be', 'proud']",TSLA
1612967116,ThePeoplesChamp420,"['Someone', 'get', 'this', 'to', 'Elon']",TSLA
1612963350,Admirable_Chair4789,"['Englobal', 'carbon', 'capture.', 'Elon', '$100', 'million', 'Houston', 'company', 'Elon', 'is', 'moving', 'to', 'Texas', 'â€œblue', 'hydrogenâ€']",TSLA
1612962788,Admirable_Chair4789,"['Englobal', 'â€œcarbon', 'capture', '$100', 'million', '#Elon', 'Houston', 'company', 'Elon', 'is', 'moving', 'to', 'Houston', 'ğŸ§']",TSLA
1612958915,Important_Boot_9130,"['Get', 'Elon', 'to', 'react', 'to', 'his', 'video', 'smoking', 'weed']",TSLA
1612955954,WizzingonWallStreet,"['Tesla', 'insider', ""troll's"", 'spot', 'on', 'afflatus', 'on', 'Elon']",TSLA
1612950253,PuzzleTheseNuts9000,"['CALL', 'OUT', '-', 'ELON', 'MUSK']",TSLA
1612949688,[deleted],"['CALL', 'OUT', '-', 'ELON', 'MUSK']",TSLA
1612944753,pilotino777,"['If', 'you', 'ask', 'Elon', 'Musk', 'know,', 'He', 'knows', 'why...', 'I', 'sincerely', 'believe', 'on', 'this', 'asset.', 'Letâ€™s', 'Bet', 'ğŸ”']",TSLA
1612939682,Dull-Respect5109,"['Elon', 'man,', 'who', 'knows', '#dogetothemoon', '#pixar']",TSLA
1612937465,sickboy-1975,"['Fake', 'Elon', 'has', 'conned', 'you']",TSLA
1612931074,Megas111,"['Guys', 'what', 'u', 'think', 'about', 'elon', 'musk', 'buying', '$1.5b', 'in', 'bitc..is', 'just', 'a', 'bluff', 'to', 'up', 'the', 'price', 'or', 'for', 'real', '(he', 'show', 'no', 'prove)??']",TSLA
1612899247,newface01,"['Papa', 'Elon', 'Is', 'In', 'Trouble']",TSLA
1612898848,alikalamm,"['Elon', 'musk']",TSLA
1612898820,Admirable_Chair4789,"['Englobal', '$100', 'million', 'â€œcarbon', 'captureâ€', 'Elon', 'Tesla', 'blue', 'hydrogen']",TSLA
1612897869,varugger,['TSLA'],TSLA
1612897372,Charming-disaster-4u,"['Something', 'new', 'from', 'elon', 'musk']",TSLA
1612897128,szelvenskiy,"['Tesla', 'Gaming', 'Cloud.', '$TSLA']",TSLA
1612896923,GkGiantkiller88,"['Solar', 'and', 'wind', 'for', 'pennies', 'yes', 'please.', 'Off', 'to', 'Mars', 'we', 'gonna', 'beat', 'Elon', 'Musk', 'there!!!!']",TSLA
1612896722,GkGiantkiller88,"['Awsl', 'going', 'to', 'Mars', 'before', 'Elon', 'musk.', 'Wind', 'and', 'solar', 'at', '28', 'cents', 'a', 'share']",TSLA
1612896543,Joe-Vincent,"['Elon', 'flirting?']",TSLA
1612896313,musama77,"['Oracle', 'is', 'considering', 'buying', 'cryptocurrency.', ""Oracle's"", 'Executive', 'Chairman', 'met', 'up', 'with', 'Elon', 'Recently.']",TSLA
1612895880,FootLongDump,"['Was', 'Elon', 'ever', 'with', 'us?']",TSLA
1612895721,FirePing32,"['Elon', 'Musk', 'says', 'Starlink', 'will', 'go', 'public', 'once', 'cash', 'flow', 'is', 'predictable']",TSLA
1612895008,lauraleeli2,"['Elon', 'Muskâ€™s', 'HUGE', 'Mistake:', 'Sell', 'Tesla', 'Stock', 'Now?', 'ğŸš¨']",TSLA
1612893891,Son_Goku_2021,"['Elon', 'Musk', '-', 'Saves', 'AMC']",TSLA
1612892917,Admirable_Chair4789,"['Englobal', '$100', 'million', 'carbon', 'capture.', 'Blue', 'hydrogen', 'Tesla', 'Elon']",TSLA
1612892826,capvistaview,"['$TSLA', 'getting', 'tight', 'will', 'it', 'break', 'higher', 'before', 'or', 'after', 'Feb19', '?', 'If', 'breaks', 'above', 'the', 'triangle', '1100', 'in', 'play?', 'Looking', 'at', 'Feb26', '1000calls', '@', '5.2']",TSLA
1612892205,Admirable_Chair4789,"['Englobal', '$100', 'million', 'carbon', 'capture', 'Elon', 'Tesla', 'blue', 'hydrogen']",TSLA
1612891772,thisisclassicus,"['Papa', 'Elon', 'recruiting', 'Oracle', 'Ellison!']",TSLA
1612891744,thisisclassicus,"['Papa', 'Elon', 'recruiting', 'Oracle', 'Ellison!']",TSLA
1612891718,thisisclassicus,"['Papa', 'Elon', 'recruiting', 'Oracle', 'Ellison!']",TSLA
1612891415,Admirable_Chair4789,"['Englobal', '$100', 'million', 'carbon', 'capture', 'Elon', 'Tesla']",TSLA
1612890298,Admirable_Chair4789,"['Englobal', 'carbon', 'capture', '$100', 'million', 'blue', 'hydrogen', 'Tesla', 'Elon']",TSLA
1612889320,Rare_Bunch1976,"['Elon', 'musk']",TSLA
1612887236,sfddasf83nasfd,"['John', 'Bogle', 'and', 'Warren', 'Buffett', '&gt;', 'Keith', 'Gill', 'and', 'Elon', 'Musk']",TSLA
1612886148,SiiCKOM0DE,"['$USWS', 'Well', 'Services..', 'any', 'thoughts', '?', 'Speculation', 'Elon', 'Musk', 'will', 'be', 'using', 'them', 'for', 'SpaceX', '?']",TSLA
1612886017,traderupsidedown,"['tesla', 'and', 'Elon']",TSLA
1612885220,russiansausagae,"['Papa', 'Elon', 'we', ""wouldn't"", 'let', 'you', 'fail', 'even', 'if', 'you', 'tried', 'to.', 'starlink']",TSLA
1612881136,hoteppeter,"['Elon', 'isnâ€™t', 'your', 'friend']",TSLA
1612878545,IndustryInteresting3,"['YALL', 'ELON', 'WAS', 'GIVING', 'US', 'HINT', 'A', 'YEAR', 'AGO.', 'DOG', 'E', 'MODE', 'ğŸš€ğŸŒ™ğŸ•ğŸ’', 'ğŸ¾']",TSLA
1612877820,Ugadawgof98,"['TSLA', 'ğŸš€$BTCNğŸš€VPOR', 'pin', 'action', '2/8/21']",TSLA
1612876751,grassmunkie,"['Uber', 'bull', 'and', 'Tesla', 'analyst', 'Gary', 'Black', 'dumped', 'all', 'his', 'TSLA', 'and', 'now', 'questions', 'demand', 'after', 'missing', 'deliveries', 'after', 'pulling', 'all', 'the', 'stops.', 'Is', 'Burryâ€™s', 'big', 'short', 'trade', 'about', 'to', 'find', 'legs?']",TSLA
1612876573,ogcartsonly,"['Elon', 'is', 'the', 'ğŸ']",TSLA
1612875337,stonerd_,"['Papa', 'Elon', 'to', 'the', 'rescue']",TSLA
1612872767,GloloB,"['A', 'letter', 'to', 'Santa', 'Elon']",TSLA
1612865117,root31337,"['The', 'Manipulative', 'Elon', 'Musk']",TSLA
1612863869,Khuzgunn,"['Did', 'Elon', 'Musk', 'created', 'a', 'rush', 'to', 'DOGEc', 'to', 'buy', 'BTCoin', 'at', 'lower', 'cost']",TSLA
1612863121,Ok-Limit9012,"['Get', 'into', 'TSLA', 'now', '?']",TSLA
1612856489,unreasonablystupid,"['Elon', 'needs', 'to', 'get', 'on', 'this!!']",TSLA
1612853014,nkabbb,"['So', 'why', 'would', 'Elon', 'Musk', 'spend', 'two', 'weeks', 'promoting', 'one', 'canine', 'coin', 'only', 'to', 'buy', '$1.5bn', 'of', 'another?', 'Doesnâ€™t', 'anyone', 'find', 'this', 'strange?']",TSLA
1612847572,EstimatesMan,"['Instead', 'of', 'Warren', 'Buffet,', 'charity', 'dinner', 'raffles', 'should', 'consider', 'upgrading', 'a', 'dinner', 'evening', 'with', 'Elon', 'Musk,', 'instead!']",TSLA
1612845399,analog7,"['Going', 'for', 'safe(ish)', 'TSLA', 'and', 'EAST', '(moon', 'shot)', 'plays']",TSLA
1612844907,8bitchard,"['What', 'are', 'your', 'thoughts', 'on', 'Elon', ""Musk's"", 'dodgecoin?']",TSLA
1612843575,Javierhdz11,"['I', 'was', 'holding', 'and', 'holding', 'and', 'I', 'ended', 'up', 'selling', 'for', 'a', 'loss', 'and', 'literally', 'the', 'next', 'day', 'everybody', 'starts', 'pumping', 'again', 'w/', 'Elon', 'promoting', 'heavily.', 'Now', 'I', 'donâ€™t', 'know', 'if', 'I', 'should', 'buy', 'again..']",TSLA
1612841698,OGKebabEater,"['Elon', 'Muskâ€™s', 'Raging', 'Hard', 'On', 'for', 'Nokia']",TSLA
1612840156,Consistent_Lynx,"['$MSTR', 'and', '$TSLA', 'are', 'my', 'favorite', 'altcoins.']",TSLA
1612839907,jakerichards1,"['The', 'Patriot', 'but', ""it's"", 'Elon', 'Musk']",TSLA
1612839848,j__p__,"['Thanks', 'for', 'the', 'dos', 'commas,', 'Elon', '(TSLA)', 'and', 'RC', '(GME).', '90k', '--&gt;', '1.3M', 'in', 'the', 'past', 'year', 'ğŸ¤‘ğŸ¤‘ğŸ¤‘.', 'Starting', 'capital', 'of', '69k', '(nice).', 'The', 'key', 'to', 'success', 'is', 'that', 'stonks', 'only', 'go', 'up', 'until', 'they', 'stop', 'going', 'up', 'ğŸš€ğŸ¥œğŸ’ğŸ–']",TSLA
1612839179,AppleBotz,"['DOGECOINS', 'TO', 'THE', 'MOOON???', 'ELON', 'AND', 'SNOOP', 'HYPING', 'IT', 'UP', 'ğŸš€ğŸŒŒ\U0001fa90']",TSLA
1612838662,AcceptableStick7480,"['Elon', 'Musk', '-', 'Tesla', '--', 'No', 'Profits']",TSLA
1612838565,AcceptableStick7480,"['Elon', 'Must', '--', 'Tesla', '--', 'No', 'Innovation', '--', 'Embezzlement']",TSLA
1612836858,Fhedges,"['A', 'regular', 'day', 'in', 'the', 'park', 'for', 'lord', 'Elon', 'tossing', 'us', 'pigeons', 'some', 'crumbs']",TSLA
1612836462,bensonian710,"['Itâ€™s', 'my', 'cake', 'day', 'drop', 'all', 'your', 'bucks', 'tomorrow', '$TSLA', 'thanks', 'bye.']",TSLA
1612836126,Jeanjacket333,"['Hit', 'a', 'million', 'today', 'because', 'of', 'Elon', 'and', 'the', 'forbidden', 'currency', 'ğŸš€ğŸš€ğŸš€']",TSLA
1612832406,Freelloom,"['Elon', 'Musk', 'bought', '1.5', 'billion', 'in', 'digital', 'coins', ',', 'guess', 'which', 'one', '?']",TSLA
1612830371,Jhongoodgoy,"['@webdollar_io', 'could', 'be', 'the', 'next', 'coin', 'after', 'elon', 'says', 'next', 'coin']",TSLA
1612827552,SteveO1507,"['To', 'the', 'Moon', 'Baby', 'Iâ€™m', 'with', 'Elon']",TSLA
1612825382,SweetBasis-MER,"['Why', 'ELON', 'MUSK', 'had', 'been', 'extremly', 'bullish', '!!']",TSLA
1612823703,KennieLovesU,"['Elon', 'investment', 'is', 'moving', 'up.']",TSLA
1612823549,KennieLovesU,"['Elon', 'Musk', 'Investment']",TSLA
1612823272,KennieLovesU,"['Something', 'is', 'wrong.', 'It', 'wonâ€™t', 'allow', 'me', 'to', 'post', 'about', 'something', 'that', 'Elon', 'Musk', 'is', 'doing.', 'ğŸ‘ğŸ½ğŸ‘ğŸ½ğŸ‘ğŸ½']",TSLA
1612822497,1964Daffodil,"['If', 'Elon', 'says', 'buy', 'it...then', 'you', 'musk']",TSLA
1612821240,MostLatter3011,"['did', 'elon', 'musk', 'try', 'to', 'hurt', 'ETHer', 'today', '?', 'is', 'this', 'war', '?']",TSLA
1612820801,SerRikard,"['Could', 'someone', 'tell', 'me', 'what', 'the', 'next', 'big', 'stock', 'will', 'be?', 'I', 'missed', 'the', 'recent', 'Elon', 'inspired', 'jump', 'and', 'am', 'still', 'holding', 'my', 'four', 'GME.', 'You', 'donâ€™t', 'need', 'to', 'answer', 'publicly,', 'you', 'can', 'private', 'message', 'me.']",TSLA
1612820619,SerRikard,"['Could', 'someone', 'tell', 'me', 'what', 'the', 'next', 'big', 'stock', 'will', 'be?', 'I', 'missed', 'the', 'recent', 'Elon', 'inspired', 'jump', 'and', 'am', 'still', 'holding', 'my', 'four', 'GME.', 'You', 'donâ€™t', 'need', 'to', 'answer', 'publicly,', 'you', 'can', 'private', 'message', 'me.']",TSLA
1612820468,Training-Pea6741,"['Jump', 'on', 'the', 'Elon', 'Musk', 'Dog', 'e', 'Train']",TSLA
1612818088,nartwealth,"['Elon', 'of', 'the', 'House', 'Musk,', 'First', 'of', 'his', 'Name,', 'Savior', 'of', 'Tesla', 'and', 'Founder', 'of', 'SpaceX,', 'the', 'billionaire,', 'Explorer', 'of', 'Mars,', 'King', 'of', 'memes,', 'Father', 'of', 'six,', '&amp;', 'Destroyer', 'of', 'short-sellers!']",TSLA
1612818029,Andym2019,"['TSLA', 'multiday', 'cup', 'and', 'handle', 'finishing', 'jfs', 'formation']",TSLA
1612817501,TrainingEconomist0,"['Did', 'Papa', 'Chen', 'just', 'indirectly', 'tweet', 'that', 'BB', 'is', 'going', 'to', 'the', 'moon?', 'We', 'have', 'an', 'Elon', 'meme', 'magic', 'wizard', 'in', 'the', 'making']",TSLA
1612817415,TrainingEconomist0,"['Did', 'papa', 'Chen', 'just', 'indirectly', 'tweet', 'Blackberry', 'going', 'to', 'the', 'moon?', 'ğŸš€', 'ğŸŒ', 'heâ€™s', 'gonna', 'be', 'the', 'second', 'Elon', 'in', 'terms', 'of', 'meme', 'magic']",TSLA
1612816525,chocmanSuper,"['TSLA', 'YOLO', 'Bought', '$600', 'AUD', 'worth', 'of', 'TSLA', 'shares', 'in', 'late', '2019.', 'YOLOed', 'another', '6400', 'AUD', 'in', 'mid', '2020', 'on', 'TSLA.', 'Now', 'have', '43909', 'USD(Buy/Sell/Buy/Sell)']",TSLA
1612816182,Wolfie9797,"['Elon', 'musk', 'buy', '(should', 'he', 'be', 'allowed', 'advertise', 'his', 'buy', 'thus', 'affecting', 'the', 'price)']",TSLA
1612815974,airsmr,"['GNUS', 'x', 'Elon', 'Musk', '=', 'New', 'project']",TSLA
1612815970,kernel_dev,"['Elon', 'Musk', 'Just', ""Yolo'd"", '$1.5B', 'of', ""Tesla's"", 'Cash']",TSLA
1612815966,h2007,"['Elon', 'musk', 'blessing', '$gme', '$nok', '$amc', 'holders']",TSLA
1612814723,DaFiRa123,"['Elon', 'spends', '$1.5', 'Billion']",TSLA
1612813093,SB_Cartoons,"['Todoy...', 'to', 'the', 'moon!', 'Elon', 'must', 'be', 'awakened', 'to', 'pass', '0.1$']",TSLA
1612811829,CuevoShots,"['Penny', 'Stock', 'backed', 'by', 'Tesla', 'and', 'Elon', 'Musk']",TSLA
1612809052,Marukus,"['Old', 'pic,', 'but...', 'Elon']",TSLA
1612808906,Middle_Positive821,"['Lets', 'convince', 'Elon', 'Musk', 'to', 'invest', 'into', 'GME']",TSLA
1612808233,sidewayspoopin,"['Elon', 'should', 'tweet', 'about', 'ZOM']",TSLA
1612807365,westbourn,"['Elon', 'not', 'Trump']",TSLA
1612805531,sunny8888,"['Love', 'look', 'at', 'Elon', 'Musk', 'ğŸ’ğŸ’ğŸ’']",TSLA
1612805027,captain_poopie_pants,"['Elon', 'Musk', 'to', 'buy', '$1.5B', 'of', '$GME']",TSLA
1612803908,paycheckfromthecult,"['Can', 'WSB', 'Make', 'Elon', 'Musk', 'a', 'Trillionaire?']",TSLA
1612803749,Bababooey6945,"['This', 'is', 'what', 'they', 'think', 'about', 'Elon', 'us', 'and', 'GME', 'now', 'ğŸ’ğŸ™ŒğŸ»', 'hedgies', 'are', 'trying', 'even', 'harder', 'now']",TSLA
1612803680,OkEnd5216,"['Why', 'Cant', 'Elon', 'Musk', 'mount', 'his', 'next', 'Rocket', 'and', 'light', 'up', 'into', 'a', 'fireball']",TSLA
1612802946,Ascenter_,"['HODL', 'holding', 'from', '.001', 'HODL', 'game', 'strong', '#HODL', 'up', '1377%', 'thanks', 'Elon', 'and', 'friends.']",TSLA
1612802832,Artistic-Objective79,"['Elon', 'Musk', 'new', 'investment', '=', 'MARA/RIOT', 'to', 'the', 'moon']",TSLA
1612802041,Arii98,"['â€I', 'do', 'not', 'respect', 'the', 'SECâ€œ', '-', 'Elon', 'Musk!']",TSLA
1612801872,Arii98,"['â€I', 'do', 'not', 'respect', 'the', 'SECâ€œ', '-', 'Elon', 'Musk!']",TSLA
1612801642,Arii98,"['â€I', 'do', 'not', 'respect', 'the', 'SECâ€œ', '-', 'Elon', 'Musk!']",TSLA
1612801492,Maciek1974,"['What', 'Elon', ""don't"", 'want', 'you', 'to', 'read', 'today.']",TSLA
1612799773,shadowturdfurgison,['Elon'],TSLA
1612799105,101ina45,"['thank', 'u', 'elon']",TSLA
1612798569,Comfortable_Ad5328,"['If', 'Elon', 'Musk', 'Can', 'Tweet', 'About', 'Putting', 'Billions', 'Into', 'Bitcon', 'To', 'Surge', 'It', '2', '44,000', 'Then', 'We', 'Can', 'Do', 'The', 'Same', 'With', 'GME', 'AMC', 'BB', 'BLIAQ', 'NOK!!!', 'not', 'a', 'financial', 'advisor!!']",TSLA
1612797952,MrNito,"['Mere', 'Seconds', 'After', 'Elon', 'Bought...']",TSLA
1612797560,chalamadeit,"['Took', 'out', 'a', 'mortgage', 'for', '$420,690.', 'Was', 'waiting', 'for', 'the', 'right', 'time', 'to', 'buy', 'corn', 'with', 'it.', 'Elon', 'news', 'felt', 'fitting', 'ğŸš€']",TSLA
1612797416,MrNito,"['Mere', 'Seconds', 'After', 'Elon', 'Bought...']",TSLA
1612796532,EthLaw,"['While', 'you', 'were', 'busy', 'arguing', 'about', 'GME,', 'I', 'studied', 'the', 'blade.', 'Daddy', 'Elon', 'is', 'using', 'it.', 'Mommy', 'C.', 'Wood', 'is', 'buying', 'it.', 'Grandpa', 'Gamma', 'wants', 'to', 'squeeze', 'it.', 'You', 'need', 'to', 'try', 'it.']",TSLA
1612796136,wilywarewolf,"['Elon', 'musk', 'Twitter', 'page', '(aka', 'r/wsb)', 'vs', 'GME', 'PARTNERSHIP']",TSLA
1612755576,Pocketsempty1,"['Dogecoin', 'Elon', 'Musk']",TSLA
1612752565,shiftycaracter,"['DOGE', 'coin', 'and', 'GME', 'for', 'the', 'Win!', 'Keep', 'it', 'going', 'WSB.', 'Elon', 'seems', 'to', 'think', 'so', 'too!', 'ğŸš€ğŸš€ğŸš€']",TSLA
1612745491,moisrawi,"['Time', 'to', 'stand', 'with', 'Elon', 'Musk,', 'Dogecoin', 'to', 'the', 'Moooonn!']",TSLA
1612740927,Postmatesfag,"['Elon', 'musk', '!']",TSLA
1612740501,Upset_Worldillness1,"['Buy', 'Dogecoin!', 'Look', 'at', 'Elon', 'Musks', 'Twitter!']",TSLA
1612478606,Bscrob,"['What', 'if', 'Keanu', 'Reeves', 'and', 'Elon', 'Musk', 'bought', 'GME?', 'ğŸ˜³', '$5000', '?', 'ğŸš€ğŸš€ğŸš€']",TSLA
1612478498,jaredhaxton,"['I', 'could', 'see', 'Elon', 'Musk', 'quietly', 'buying', 'the', 'whole', 'GME', 'company...', 'How', 'can', 'we', 'get', 'his', 'attention?', ':)']",TSLA
1612477918,mp02792,"['Like', 'ELON', 'MUSK', 'JUST', 'SAID,', 'TO', 'THE', 'MOON', 'BOYS', ""LET'S"", 'DO', 'THISSSS', 'ğŸš€ğŸš€ğŸš€â€¼ï¸â€¼ï¸']",TSLA
1612477851,mp02792,"['LIKE', 'ELON', 'MUSK', 'JUST', 'SAID,', 'TO', 'THE', 'MOON', 'BOYS!!!!!!!', 'LETS', 'DO', 'THISSSS', 'ğŸš€ğŸš€ğŸš€ğŸš€ğŸš€', 'DOGE']",TSLA
1612477841,Mitt102486,"['If', 'Nokia,', 'AMC,', 'GameStop', 'sell', 'their', 'company', 'to', 'Elon', 'we', 'would', 'all', 'recover', 'financially', '...', 'thatâ€™s', 'a', 'bet']",TSLA
1612477810,Buypottery,['Tsla'],TSLA
1612475052,Megalodonk420,"['ğŸ’', 'NEW', 'TREND', 'GOING', 'ON!!', 'ğŸ’.', 'TWEET', 'TO', 'ELON', 'MUSK.', '#ELONSAVEAMC']",TSLA
1612474983,[deleted],"['Does', 'anyone', 'else', 'hold', 'le', 'epic', 'GME', 'shares?', '(moon', 'tickets?)', 'hahah', 'papa', 'Elon', 'is', 'boss!ğŸš€ğŸš€ğŸš€']",TSLA
1612474974,Dubis01,"['First', 'World', 'Problems', 'ğŸš€ğŸš€ğŸš€', 'Elon', 'is', 'with', 'us', 'ğŸš€ğŸš€ğŸš€', 'HOOODDLLL']",TSLA
1612473784,tasty-coals,"['Everybody', 'tweet', 'Elon', 'Musk.', 'Maybe', 'he', 'can', 'save', 'us']",TSLA
1612472631,Tough-Mycologist7839,"['Elon', 'Musk', 'Tweets']",TSLA
1612472505,Blackwater2895,"['A', 'hedge', 'fund', 'made', '$700', 'million', 'on', 'its', 'GameStop', 'investment', 'before', 'bailing', 'after', 'Elon', ""Musk's"", ""'Gamestonk'"", 'tweet']",TSLA
1612472358,GlideOutside,"['$44K', 'to', '$1.7M', 'gains', 'in', '$TSLA', 'options']",TSLA
1612472082,SealDrop,"['Dogecoin', 'to', 'the', 'Moon', 'Explained', '|', 'Why', 'is', 'Elon', 'Musk', 'pumping', 'Dogecoin?']",TSLA
1612471962,[deleted],"['$44K', 'to', '$1.66M', 'gains', 'in', '$TSLA', 'options']",TSLA
1612471716,billion-trillion,"['WTF', 'IS', 'ELON', 'MUSK', 'UP', 'TO']",TSLA
1612471600,brandonpenning1,"['UPVOTE', 'TO', 'HELP', 'TREND!!', 'Tweet', 'at', 'Elon', 'Musk', 'with', 'hashtag', '#ElonSaveAMC']",TSLA
1612471591,PlasticSympathy6255,"['TSLA', 'into', 'my', 'traditional', 'IRÃ']",TSLA
1612471458,GlideOutside,"['Papa', 'Elon', 'always', 'delivers:', '$44K', 'to', '$1.66M', 'gains', 'in', '$TSLA', 'options']",TSLA
1612471309,[deleted],"['ğŸš€', 'Papa', 'Elon', 'ğŸš€', 'always', 'delivers:', '$44K', 'to', '$1.66M', 'gains', 'in', '$TSLA', 'options']",TSLA
1612470930,El_Professor_Sergio,"['Elon', 'said', 'it', 'loud', 'and', 'clear!!!', ""Let's"", 'go.']",TSLA
1612470326,ProgramGaming,"['Elon', 'is', 'With', 'Us!']",TSLA
1612470208,Moostucky_Stank,"['Elon', 'Musk', 'is', 'NOT', 'coming', 'to', 'save', 'you', 'from', 'your', 'losses!']",TSLA
1612469536,Tough-Mycologist7839,"['Elon', 'musk', 'helping', 'us']",TSLA
1612467969,ThiccccMandalorian,"['Life', 'Tier:', 'Elon']",TSLA
1612467831,DolceShape,"['Elon', 'Musk', 'on', 'Twitter']",TSLA
1612467381,Chanti239,"['Elon', 'Musk', 'on', 'AI', 'and', 'hedge', 'funds', 'in', '2016', '[4:00]']",TSLA
1612466915,Cash-Atmosphere,"['Elon', 'Musk/', 'dogecoin']",TSLA
1612466666,toazilla,"['Elon', 'Musk']",TSLA
1612466082,Chanti239,"['Elon', 'Musk:', 'On', 'Artificial', 'Intelligence', '&amp;', 'Hedge', 'Funds', 'in', '2016']",TSLA
1612465401,Proof-Ad-3529,"['Please', 'Elon', 'safe', 'GME...']",TSLA
1612464783,Revolutionary_Row264,"['Elon', 'Muskâ€™s', 'financials', 'are', 'bullshit']",TSLA
1612464722,Cartman1000,"['Elon', 'Appreciation', 'post', 'for', 'standing', 'with', 'us', 'through', 'this']",TSLA
1612464356,Etherealsaar,"['Will', 'Elon', 'Musk', 'take', 'us', 'to', 'the', 'moon?']",TSLA
1612463852,RegularDummy94,"['Idea', 'for', 'Elon', 'and', 'AMC']",TSLA
1612463782,axjoti,"['Letâ€™s', 'make', 'this', 'VIRAL!', 'HELP', 'US', 'ELON', 'MUSK!']",TSLA
1612463688,CRobzzz1015,"['Iâ€™m', 'here', 'for', 'the', 'cause.', 'God', 'Bless', 'you', 'Elon', 'Musk.', 'God', 'Bless', 'AmericağŸ‡ºğŸ‡¸']",TSLA
1612463479,Sea-Cardiologist-97,"['Elon', 'musk', 'save', 'nokia']",TSLA
1612463308,PaladinDreadnawt,"['Elon', 'Musk', 'Time', 'Traveler', 'has', 'Declared', 'It']",TSLA
1612463218,AnabelJeager,"[""Wouldn't"", 'it', 'be', 'great', 'if', 'Elon', 'Musk', 'bought', 'GameStop?']",TSLA
1612462916,blompersv2,"['ELON', 'COMING', 'TO', 'SAVE', 'US', 'TODAY', 'JUST', 'WAIT']",TSLA
1612462390,Mitt102486,"['For', 'those', 'of', 'you', 'feeling', 'burnt', 'out.', 'I', 'just', 'grabbed', '$gme', 'finally.', 'Thought', 'I', 'missed', 'an', 'opportunity', 'before', 'and', 'went', 'with', '$amc.', 'But', 'feeling', 'the', 'burn', 'out.', 'Iâ€™ll', 'let', 'this', 'sit', 'and', 'see', 'if', 'Elon', 'musk', 'can', 'figure', 'things', 'out.']",TSLA
1612462236,[deleted],"['ğŸ’', 'ğŸ’just', 'saw', 'GME', 'is', 'on', 'sale', 'ğŸ’', 'ğŸ’ğŸš€', 'hoping', 'daddy', 'Elon', 'sees', 'this']",TSLA
1612462218,Bigbraintrades,"['Imagine', 'if', 'Elon', 'bought', 'out', 'AMC', 'and', 'turned', 'it', 'into', 'a', 'drive', 'in', 'movie', 'charging', 'station.']",TSLA
1612461468,[deleted],"['Why', 'you', 'shills', 'for', 'Elon', 'when', 'you', 'can', 'Simp', 'for', 'Mia?']",TSLA
1612461445,mwybert,"['Is', 'crypto', 'exempt', 'from', 'SEC', 'rules?', '(Is', 'Elon', 'exempt', 'from', 'market', 'manipulation', 'if', 'he', 'sticks', 'to', 'dogecoin', 'pumps)']",TSLA
1612461282,[deleted],"['ELON', 'IS', 'WITH', 'US']",TSLA
1612460635,twitchtegooo,"['Elon', 'Musk', 'finaly', 'did', 'it!!!!']",TSLA
1612460319,apeshit92,"['papa', 'elon']",TSLA
1612460265,[deleted],"['Autism', 'INFINITY', 'vs', 'Elon', 'Musk', 'INGENIOSITY', '-', 'Reading', 'between', 'the', 'tweets']",TSLA
1612459810,jewishlegolas,"['Did', 'Elon', 'Musk', 'buy', '$GME?']",TSLA
1612459299,LXLVideos,"['Elon', 'Musk', 'coming', 'to', 'save', 'the', 'day']",TSLA
1612459218,ItzIven,"['I', 'think', 'Elon', 'Musk', 'just', 'love', 'Doges']",TSLA
1612459199,[deleted],"['Elon', 'the', 'one', 'true', 'destroyer', 'of', 'shorts']",TSLA
1612459034,[deleted],"['Seems', 'like', 'a', 'Win', 'Win', 'to', 'me', 'Elon!', 'A', 'person', 'can', 'only', 'dream....', '$GME', '$AMC', '$TSLA']",TSLA
1612458958,BirdTegusDev,"['Anyone', 'see', 'what', 'Elon', 'posted', 'on', 'Twitter?', 'To', 'the', 'moon??']",TSLA
1612458935,gioest-,"['Waiting', 'for', 'daddy', 'Elon', 'ğŸ™ğŸ½ğŸ’']",TSLA
1612458802,BirdTegusDev,"['So', 'Elon', 'returned', 'to', 'twitter', 'and', 'said,', '""Doge""...', 'DOGE', 'to', 'the', 'moon???']",TSLA
1612458572,BirdTegusDev,"['It', 'seems', 'Elon', 'has', 'returned...', 'DOGE', 'rally??', 'TO', 'THE', 'MOON!!!!']",TSLA
1612458301,Kitchen_Hat_2442,"['If', 'Elon', 'is', 'Pumpin', 'and', 'Dumpin', '$Doge', 'he', 'might', 'be', 'in', 'a', 'ride', 'awakening', 'in', '$tsla']",TSLA
1612457981,Flappyweiner999,"['DADDY', 'ELON', 'SAVE', 'THE', 'REAL', 'APES']",TSLA
1612457979,[deleted],"['Elon', 'and', 'the', 'Dige']",TSLA
1612456890,Peccataclamantia,"['Mark', 'Cuban,', 'Chamath', 'Palihapitaya,', 'Elon', 'Musk,', 'Dave', 'Portnoy', 'etc.', 'are', 'all', 'career', 'GRIFTERs.', 'They', 'arenâ€™t', 'on', 'your', 'side', 'and', 'have', 'hijacked', 'this', 'subreddit', 'to', 'sell', 'their', 'garbage.']",TSLA
1612456654,[deleted],"['OMG', 'LOOK', 'WHAT', 'ELON', 'SAID', 'ğŸ’ğŸ’ğŸ’ğŸ™Œ']",TSLA
1612456291,Sirdwhite,"['Me', 'waiting', 'for', 'Elon', 'to', 'boost', 'DOGE', 'again:']",TSLA
1612456286,Morning-Anal,"['Dear', 'Papa', 'Elon']",TSLA
1612456258,dannylez4l,"['Elon', 'Musk', 'is', 'buying', 'GME']",TSLA
1612456219,blompersv2,"['Elon', 'Musk', 'might', 'have', 'been', 'hacked', 'last', 'night.']",TSLA
1612455996,TheNuTropian,"['Buy', 'Tesla', 'when', 'Elon', 'is', 'Manic']",TSLA
1612455872,WetNetBet,"['Dogecoin!', 'Elon', 'musk', 'is', 'our', 'hero!!', '#dogecoin']",TSLA
1612455817,TheNuTropian,"['Buy', 'Tesla', 'when', 'Elon', 'is', 'Manic']",TSLA
1612455807,RelationshipSouthern,"['Listen', 'to', 'what', 'Elon', 'said', 'last', 'night']",TSLA
1612455709,HOSTINGSCOUPONS,"['IS', 'ELON', 'MUSK', 'GOING', 'TO', 'DO', 'IT']",TSLA
1612455619,apeshit92,"['papa', 'elon']",TSLA
1612454973,the_ryan_ford,"['Wise', 'words', 'of', 'Elon', 'himself.', '/via', 'Twitter']",TSLA
1612454962,ChestyBro,"['ELON', 'MUSK', 'SUPPORTS', 'DOGECOIN']",TSLA
1612454881,[deleted],"['Elon', 'IS', 'the', 'rocket', 'that', 'takes', '$DOGE', 'to', 'Mars.', 'ğŸš€ğŸš€ğŸš€']",TSLA
1612454813,Falls-Version,"['Elon', 'Musk', 'exposed', 'Robinhood', '(Vlad)', 'IMO', 'at', 'the', 'very', 'end', 'of', 'their', 'interview', 'over', 'the', 'phone.', 'At', 'the', 'end', 'he', 'asks', 'for', ""Vlad's"", 'opinion', 'and', 'Vlad', 'tries', 'to', 'react', 'naively', 'and', 'say', 'that', 'there', 'is', 'no', 'reason', 'for', 'the', 'consortium', 'to', 'act', 'in', 'any', 'other', 'way', 'than', 'honestly.', 'Elon', 'actually', 'chuckles', 'after', 'his', 'answer.', 'Thoughts?']",TSLA
1612454812,[deleted],"['Elon', 'IS', 'the', 'rocket', 'that', 'takes', '$DOGE', 'to', 'Mars.', 'ğŸš€ğŸš€ğŸš€']",TSLA
1612454696,Mafea,"['Elon', 'with', 'doge', 'last', 'night']",TSLA
1612454542,MathematicianFun3049,"['Elon', 'helped', 'Us']",TSLA
1612454340,CockBalls69420,"['God', 'how', 'I', 'wish', 'Elon', 'would', 'buy', 'some', 'GME', 'and', 'tweet', 'about', 'it']",TSLA
1612454271,ValueDude,"['$41,000', 'TSLA', 'Put', 'Loss']",TSLA
1612454188,OGKebabEater,"['Elon', 'Musk', 'Loves', 'Nokia', 'and', 'this', 'is', 'why!']",TSLA
1612454161,[deleted],"['DOGE', 'attempts', 'second', 'surge', 'following', 'Elon', 'Musk', 'tweets']",TSLA
1612454114,ZombieFalafel,"['Elon', 'Musk', 'Wouldnâ€™t', 'Let', 'This', 'Happen']",TSLA
1612454086,ValueDude,"['$100,000', 'TSLA', 'YOLO', 'PUTS', 'Currently', 'down', '$41,000']",TSLA
1612453661,[deleted],"['This', 'Is', 'A', 'Why', 'Elon', 'Is', 'My', 'Favorite', 'Person']",TSLA
1612453657,ValueDude,"['$100,000', 'YOLO', 'TSLA', 'PUTS', 'plus', 'DD-Tsla', 'is', 'going', 'to', 'go', 'down', 'due', 'to', 'GME', 'fallout']",TSLA
1612453643,nobull_tooold1970,"['Elon', 'Musk', 'GOD_', 'NOT']",TSLA
1612453546,TheeSpector_7,"['Elon', 'killing', 'it']",TSLA
1612453399,[deleted],"['This', 'Is', 'Why', 'Elon', 'Is', 'My', 'Favorite', 'Person']",TSLA
1612453359,42wildcard,"['The', 'Oracles', 'idea', 'for', '#GameStop', 'Elon', 'Musk', 'Main', 'Street', 'moves', 'save', 'the', 'universe']",TSLA
1612453132,bikkelmikkel,"['WE', 'NEED', 'PAPA', 'ELON', 'MUSK', 'TO', 'SAVE', 'GME', 'AND', 'AMC']",TSLA
1612453086,[deleted],"['The', 'power', 'of', 'ownership!', 'Comparing', 'TSLA', 'and', 'GME']",TSLA
1612453067,fukautomod,"['Elon', 'Musk', 'and', 'Ryan', 'Cohen.', 'If', 'you', 'can', 'see', 'this.', 'Maybe', 'do', 'something', 'about', 'it?', 'Please?', 'ğŸ‘‰ğŸ¼ğŸ‘ˆğŸ¼ğŸ¥ºğŸ¥º', 'This', 'could', 'literally', 'be', 'a', 'multi-billion', 'dollar', 'payoff.']",TSLA
1612452990,Super-Associate8159,"['Iâ€™ve', 'been', 'holding', 'amc', 'and', 'GameStop', 'and', 'imma', 'keep', 'doing', 'it', 'Iâ€™m', 'also', 'part', 'of', 'the', 'dogecoin', 'to', 'the', 'moon', 'movement', 'and', 'guys', 'we', 'can', 'do', 'it', 'we', 'just', 'skyrocketed', 'last', 'night', 'and', 'Elon', 'Twitted', 'about', 'it', 'thereâ€™s', 'an', 'event', 'where', 'everyone', 'is', 'buying', 'at', '9pm', 'Not', 'financial', 'advice', 'Iâ€™m', 'just', 'a', 'retard']",TSLA
1612452845,The_Tsunami_,"['Wonder', 'what', 'Elon', 'got', 'goin', 'on', 'ğŸ¤”ğŸ“ˆ']",TSLA
1612452793,dell_the_ripper,"['Elon', 'musk', 'is', 'on', 'the', 'Doge', 'rocket.', 'And', 'from', 'the', 'man', 'who', 'build', 'rockets,', 'I', 'say', ""that's"", 'a', 'big', 'deal.', 'TO', 'THE', 'MOON!!', 'ğŸš€', 'ğŸš€']",TSLA
1612452589,yogibababoo,"['Elon', 'loves', 'the', 'Doge', 'ğŸš€']",TSLA
1612452393,[deleted],"['Elon', 'Is', 'Just', 'Messing', 'With', 'Everyone', 'At', 'This', 'Point']",TSLA
1612452376,MileHighSoloPilot,"['Uhhh', 'now', 'that', 'you', 'paperhanded', 'bitches', 'are', 'moving', 'to', 'DOGE', 'thanks', 'to', 'Papa', 'Elon']",TSLA
1612452109,[deleted],"['Elon', 'Musk', 'and', 'Ryan', 'Cohen.', 'If', 'you', 'can', 'see', 'this.', 'Maybe', 'do', 'something', 'about', 'it?', 'Please?ğŸ‘‰ğŸ¼ğŸ‘ˆğŸ¼ğŸ¥ºğŸ¥º']",TSLA
1612451967,[deleted],"['Elon', '(The', 'destroyer', 'of', 'shorts)', 'Is', 'Just', 'Memeing', 'With', 'Everyone', 'At', 'This', 'Point']",TSLA
1612451933,[deleted],"['GameStop:', 'Give', 'it', 'Up!', 'You', 'Need', 'To', 'Go', 'Long', 'Tesla', 'Now', 'Before', 'Itâ€™s', 'Too', 'Late', '|', 'I', 'predicted', 'the', 'GameStop', 'crash', 'â€”', 'Tesla', 'To', 'Climb', 'Over', '$10K', 'by', '2025', '|', '$GME', '$TSLA']",TSLA
1612451930,LingeringPinky,"['Papa', 'elon']",TSLA
1612451893,[deleted],"['Elon', 'Musk', 'and', 'Ryan', 'Cohen.', 'If', 'you', 'can', 'see', 'this.', 'Please', 'do', 'something', 'about', 'it?ğŸ¥ºğŸ‘‰ğŸ¼ğŸ‘ˆğŸ¼']",TSLA
1612451813,Nicola0011,"['Go', 'Elon', 'goooooo']",TSLA
1612451631,[deleted],"['Papa', 'Elon', 'please', 'adopt', 'me', 'ğŸ™Œ']",TSLA
1612451559,gandrade17,"['Is', 'Elon', 'musk', 'now', 'supporting', 'LOKI?']",TSLA
1612451545,[deleted],"['Elon', 'can', 'not', 'take', 'a', 'break', 'I', 'guess.', 'It', 'would', 'be', 'nice', 'if', 'he', 'shows', 'up', 'he', 'bought', 'ton', 'of', 'shares!']",TSLA
1612451529,Ok_Fortune_9149,"['Is', 'king', 'of', 'the', 'apes', 'Elon', 'guiding', 'us?']",TSLA
1612451508,[deleted],"['Ask', 'Elon', 'if', 'he', 'likes', 'the', 'movies!', 'And/or', 'popcorn!', 'ğŸ¿', 'ğŸ¥', 'If', 'we', 'all', 'tweet', 'him.', 'He', 'will', 'answer!', 'Ask', 'Elon!', 'Ask', 'Elon', 'if', 'he', 'likes', 'the', 'movies!', 'And/or', 'popcorn!', 'ğŸ¿', 'ğŸ¥', 'If', 'we', 'all', 'tweet', 'him.', 'He', 'will', 'answer!', 'Ask', 'Elon!', 'He', 'loves', 'answering', 'thousands', 'of', 'nerds!']",TSLA
1612451391,gandrade17,"['Elon', 'Musk', 'now', 'is', 'supporting', 'LOKI?']",TSLA
1612451290,[deleted],"['Elon', 'Musk', 'now', 'is', 'supporting', 'LOKI?']",TSLA
1612451081,Ok_Fortune_9149,"['Is', 'Elon', 'guiding', 'us?']",TSLA
1612451051,Ok_Fortune_9149,"['Is', 'king', 'of', 'the', 'apes', 'Elon', 'guiding', 'us?']",TSLA
1612451038,zizo2500,"['What', 'you', 'think', 'elon', 'do', '?', 'Become', 'memes', 'ğŸ˜ğŸ¤”ğŸ˜‚']",TSLA
1612451036,humptydumpty1234567,"['ELON', 'BEING', 'HACKED', 'IS', 'A', 'NEW', 'SOLUTION!', 'HACKERS', 'COME', 'FORTH!!']",TSLA
1612450992,Ok_Fortune_9149,"['Is', 'king', 'of', 'the', 'apes', 'Elon', 'guiding', 'us?']",TSLA
1612450934,Ok_Fortune_9149,"['Is', 'king', 'of', 'the', 'apes', 'Elon', 'guiding', 'us?']",TSLA
1612450796,Ok_Fortune_9149,"['Is', 'king', 'of', 'the', 'apes', 'Elon', 'guiding', 'us?']",TSLA
1612450737,Ok_Fortune_9149,"['Is', 'king', 'of', 'the', 'Apes', 'Elon', 'guiding', 'us?']",TSLA
1612450658,Brilliant-Report3678,"['Elon', '&amp;', 'Doge']",TSLA
1612450600,Justhereforthepartie,"['Elon', 'Musk']",TSLA
1612450347,robbsnj,"['The', 'power', 'of', 'Elon']",TSLA
1612449738,amamamafk,"['While', 'i', 'bleed', 'hodling', '$GME.', 'Lemme', 'share', 'my', 'fav', 'retarded', 'invstment.', 'Got', '$FUV', 'a', 'cpl', 'of', 'months', 'ago', 'now', '100%', '+', 'returns.', 'Worried', 'about', 'shorts', 'doing', 'what', 'they', 'did', 'to', '$TSLA', 'when', 'they', 'were', 'scaling.', 'Retail', 'investors', 'shouldnt', 'worry', 'about', 'hedge', 'funds', 'stealing', 'their', 'lunch.', 'Thats', 'why', 'im', 'HODLING', '$GME!']",TSLA
1612449636,informatica6,"['Elon', 'Musk', 'Moves', 'Markets', 'with', 'His', 'Tweets']",TSLA
1612449546,informatica6,"['Elon', 'Musk', 'Moves', 'Markets', 'with', 'His', 'Tweets']",TSLA
1612449516,[deleted],"['Elon', 'Musk', 'Or', 'Better', 'Known', 'As', '""The', 'Destroyer', 'Of', 'Shorts""']",TSLA
1612449399,[deleted],"['We', 'Should', 'Now', 'Refer', 'To', 'Daddy', 'Elon', 'As', '""The', 'Destroyer', 'Of', 'Shorts""']",TSLA
1612449396,letsallmakeit19,"['Here', 'we', 'go', 'elon', 'musk!!!']",TSLA
1612449187,jonhmarks,"['Elon', 'Musk', 'pushing', 'Doge']",TSLA
1612448996,[deleted],"['Elon', 'Musk', 'Or', 'Better', 'Known', 'As', '""The', 'Destroyer', 'Of', 'Shorts""']",TSLA
1612448892,ActivePaco,"['Lord', 'Elon']",TSLA
1612448767,[deleted],"['Elon', 'Musk', 'or', 'better', 'known', 'as', '""The', 'Destroyer', 'Of', 'Shorts""']",TSLA
1612448708,PandasEatPuppies,"['Elon', 'Fuckinâ€™', 'Musk']",TSLA
1612448649,000Lotus,"['Told', 'my', 'wife', 'Elon', 'made', 'me.', 'Weâ€™re', 'getting', 'a', 'divorce', 'but', 'at', 'least', 'I', 'have', '11k', 'new', 'dog', 'coins', 'ğŸ•ğŸš€ğŸ•ğŸš€']",TSLA
1612448610,[deleted],"['Elon', 'Musk', '(The', 'destroyer', 'of', 'shorts)']",TSLA
1612448451,Rebecca0399,"['Elon', 'is', 'on', 'our', 'side', 'ğŸ‰ğŸ‰ğŸ‰ğŸ‰', 'To', 'the', 'moon!']",TSLA
1612448365,broomflyer,"['Phases', 'of', 'bubble', '--', 'TESLA', 'tsla', 'is', 'now', 'in', 'Phase', '4']",TSLA
1612448230,todiefore,"['Elon', 'onboard', 'for', 'takeoff!!!']",TSLA
1612448018,usair903,"['When', 'Elon', 'says', 'jump,', 'we', 'ask', 'how', 'high']",TSLA
1612447923,offsides77,"['Elon', 'Musk', 'tweeted', 'himself', 'in', 'a', 'Lion', 'King', 'meme', 'holding', 'up', 'a', 'doge-doggy.', 'Does', 'that', 'mean', 'heâ€™s', 'buying?']",TSLA
1612447909,cwarmbold,"['Elon', 'is', 'hyped', 'about', 'Doge!']",TSLA
1612447831,GhostFaceKillahLIVE,"['DOGE', 'to', 'the', 'Moon.', 'Thanks', 'Elon', 'ğŸš€']",TSLA
1612447825,FakeAssUser4745,"['Morning', 'surge', 'after', 'Elon', 'Musk', 'tweeted', 'a', 'bunch', 'about', 'Dogecoin!!!']",TSLA
1612447759,Responsible-Law-3154,"[""Can't"", 'Elon', 'finish', 'the', 'hedges', 'for', 'us?']",TSLA
1612447731,ManCaveColorado,"['Elon', 'tweets', 'about', 'Dogecoin', 'last', 'night']",TSLA
1612447728,Leading_Molasses_306,"['We', 'all', 'know', 'what', 'happens', 'when', 'Elon', 'tweets...This', 'is', 'his', '4th', 'tweet', 'TODAY', 'about', 'Doge', 'ğŸš€']",TSLA
1612447673,ToblemromeTBC,"['Elon', 'is', 'putting', 'an', 'extra', 'seat', 'on', 'the', 'shuttle', 'for', 'D', 'O', 'G', 'E']",TSLA
1612447625,jimmyjsbs-heyo,"['Elon', '+', 'Doge', '=', 'ğŸš€ğŸŒ‘']",TSLA
1612447573,Bobandyrandy17,"['Papa', 'elon', 'made', 'some', 'tweets', 'about', 'dogecoin', ""let's"", 'get', 'to', 'a', 'dollar!ğŸš€ğŸš€ğŸš€']",TSLA
1612447539,WickedLinesSFG,"['If', 'anyone', 'has', 'not', 'seen', 'it', 'yet,', 'Elon', 'Musk', 'tweeted', 'one', 'word...', 'â€œDogeâ€!!', 'Letâ€™s', 'see', 'how', 'this', 'fun', 'goes!!']",TSLA
1612447187,pnypwr,"['Elon', 'at', 'it', 'again!', 'robinhood', 'in', 'on', 'it?']",TSLA
1612447136,Mr_CVibe,"['Elon', 'hypes', 'the', 'doge', 'againğŸ¤”ğŸ¤”']",TSLA
1612447007,Particular_Ad_8863,"['Everyone', 'wants', 'Financial', 'Freedom', 'right??!!', 'Well', 'even', 'Elon', 'Musk', 'said', 'that', 'DOGE', 'is', 'the', 'peopleâ€™s', 'Coin', 'so', 'letâ€™s', 'do', 'this', 'yâ€™all', 'ğŸš€ğŸš€ğŸš€ğŸš€ğŸš€ğŸš€ğŸš€ğŸš€ğŸš€ğŸš€ğŸš€ğŸš€ğŸš€ğŸš€ğŸš€ğŸŒšğŸŒšğŸŒšğŸŒšğŸŒšğŸŒšğŸŒšğŸŒšğŸŒğŸŒğŸŒœğŸŒœğŸŒœğŸŒ›ğŸŒ›ğŸŒ™ğŸŒ™ğŸŒ™']",TSLA
1612446742,Eternyti,"['alright', 'which', 'one', 'of', 'you', 'hacked', 'Elon', ""Musk's"", 'twitter', 'account']",TSLA
1612446734,tnance24,"['Elon', 'this', 'morning,', ""he's"", 'got', 'our', 'back!']",TSLA
1612446680,tnance24,"['Elon', 'this', 'morning.', ""He's"", 'got', 'our', 'back!']",TSLA
1612446641,ConcertIndividual600,"['Whatâ€™s', 'Elon', 'doing?']",TSLA
1612446493,Make_my_money_work,"['Anyone', 'see', 'all', 'of', 'the', 'tweets', 'this', 'morning', 'from', 'Elon', 'Musk', 'about', 'DOGE?']",TSLA
1612446153,GoldenGirlsGay,"['elon', 'musk', 'tweeting', 'left', 'and', 'right', 'about', 'doge!!!!', 'ğŸš€', 'ğŸš€']",TSLA
1612446113,Medium-Mano,"['Is', 'Elon', 'Musk', 'going', 'to', 'buy', 'GME?']",TSLA
1612446009,TireGuy89,"['Elon', 'says', 'Doge', 'to', 'the', 'moon', 'ğŸš€']",TSLA
1612445999,[deleted],"['Who', 'let', 'Elon', 'Musk', 'say', '""Doge,', 'Doge,', 'Doge,', 'Doge""?']",TSLA
1612445885,BeingMe007,"['Elon', 'is', 'a', 'smart', 'man', ';)']",TSLA
1612445691,fuckbullstreet,"['So', 'Elon', 'past', 'me', 'the', 'blunt', 'while', 'we', 'grilled', 'this', 'Robinhood', 'fucker', 'in', 'the', 'dark.']",TSLA
1612445436,vincewynn,"['Elon', 'Musk', 'should', 'buy', 'some', 'AMC', 'to', 'really', 'screw', 'the', 'shorts.']",TSLA
1612445357,jevans513,"['What', 'happen', 'to', 'buying', 'Dogecoin?', 'Elon', 'musk', 'bought', '2', 'billion', 'and', 'we', 'arenâ€™t', 'backing', 'him?', 'It', 'went', 'up', '50%', 'after', 'his', 'tweet']",TSLA
1612445328,Mcfangus,"['Papa', 'Elon', 'has', 'our', 'backs!']",TSLA
1612444938,RexDeux,"['Elon', 'should', 'buy', 'amc']",TSLA
1612444674,BigD28,"['Elon', 'loves', 'Doge,', 'Doge', 'loves', 'you.']",TSLA
1612444607,Altruistic-Beyond-34,"['Elon', 'will', 'get', 'us', 'back', 'to', 'the', 'promise', 'landğŸš€ğŸš€']",TSLA
1612444501,Tnstocken,['Elon'],TSLA
1612444423,cowardsplay,"['Father', 'Elon', 'has', 'Spoken', 'invest', 'in', 'Dogecoin']",TSLA
1612444317,IsaacSandy,"['Elon', 'recent', 'tweet?']",TSLA
1612444296,Salty-Country-5426,"['Dogecoin', 'ğŸš€', 'ğŸš€ğŸš€ğŸŒšğŸŒš', 'Power', 'of', 'Elon', 'musk', 'ğŸ—£ğŸ“¢']",TSLA
1612444162,Doctor_red5612,"['HOLD', 'HOLD', 'HOLD', 'the', 'line', 'on', 'Doge!!!!', 'With', 'Elon', 'backing', 'us', 'and', 'his', '4', 'new', 'recent', 'tweets', 'about', 'Doge,', 'now', 'is', 'not', 'the', 'time', 'to', 'sell.', 'Hold', 'and', 'lets', 'get', 'to', 'a', '$1']",TSLA
1612444124,bpi89,"['Elon', 'Musk', 'tweeted', 'this', 'morning!', 'If', 'he', 'buys', 'in,', 'lift', 'off', 'in', '3...', '2...', '1...', 'ğŸš€ğŸš€ğŸš€']",TSLA
1612444095,[deleted],"['A', 'hedge', 'fund', 'made', '$700', 'million', 'on', 'its', 'GameStop', 'investment', 'but', 'bailed', 'after', 'Elon', ""Musk's"", ""'Gamestonk'"", 'tweet']",TSLA
1612443995,IsaacSandy,"['Elon', 'Musk,', 'back', 'on', 'Twitter,', 'turns', 'his', 'attention', 'to', 'Dogecoin', 'By', 'Reuters...Elon', 'a', 'God?']",TSLA
1612443773,[deleted],"['Elon', 'has', 'our', 'back!', 'The', 'whale', 'who', 'was', 'promised?']",TSLA
1612443771,Foulwinde,"['A', 'hedge', 'fund', 'made', '$700', 'million', 'on', 'its', 'GameStop', 'investment', 'but', 'bailed', 'after', 'Elon', ""Musk's"", ""'Gamestonk'"", 'tweet']",TSLA
1612443718,ladeealexx,"['UM', 'ELON', 'JUST', 'PUMPED', '$DOGE', 'HARD']",TSLA
1612443528,I_am_a_legend-,"['Looks', 'like', 'NAKD', 'is', 'getting', 'ready', 'to', 'take', 'off', 'soon.', 'Get', 'in', 'now....', 'Elon', 'Musk', 'tweet']",TSLA
1612443203,Rumi7khat,"['Elon', 'Musk', 'aganst', 'shorts', 'ğŸ¤©â˜„ï¸']",TSLA
1612443194,Good_Ad3364,"['Elon', 'says']",TSLA
1612443165,Gua_Bao,"['Elon', 'has', 'become', 'meme,', 'destroyer', 'of', 'shorts']",TSLA
1612443016,SamWharfe,"['Papa', 'Elon', 'has', 'spoken.', 'Dogecoin', 'is', 'the', 'peoples', 'crypto!']",TSLA
1612442957,Old-Manager8614,"['ELON', 'STILL', 'WANTS', 'US', 'TO', 'DESTROY', 'THEM']",TSLA
1612442923,BigTURKIYEforcrypto,"['Come', 'on', 'elon', 'musk']",TSLA
1612442800,jalec1810,"['Haha', 'TSLA', 'man', 'funny', 'ğŸ¤£ğŸ¤£ğŸ¤£']",TSLA
1612442776,gio76spa,"['This', 'night,', 'on', 'TWITTER,', 'Elon', 'Musk', 'speak', 'about', 'DogeCoin']",TSLA
1612442694,gio76spa,"['This', 'night,', 'on', 'TWITTER,', 'Elon', 'Mask', 'speak', 'about', 'DogeCoin']",TSLA
1612442428,Robdd,"['The', 'man,', 'the', 'myth,', 'the', 'DogeGod.', 'Papa', 'Elon', 'ğŸš€']",TSLA
1612442391,Vertigo_uk123,"['Elon', 'Musk', 'is', 'the', 'Viking', '(@KjtillSterne)']",TSLA
1612442304,-fromage-,"['Elon', 'musk']",TSLA
1612441747,LastKing98,"['A', 'new', 'tweet', 'of', 'our', 'friend', 'Elon', 'ğŸ¦ğŸ’âœŠ']",TSLA
1612441655,MusicalBear713,"[""''..only"", ""doge''"", '-', 'ELON']",TSLA
1612441580,InTheFade29,"['Elon', 'Musk', 'just', 'tweeted', 'about', 'Dogecoin!!!!']",TSLA
1612441289,[deleted],"['GameStop', 'Hodlers', 'Need', 'to', 'Sell', '&amp;', 'Go', 'Long', 'Tesla', '(12', 'Years)', 'â€”', 'I', 'Predicted', 'The', 'GameStop', 'Bubble', '$GME', '$TSLA']",TSLA
1612440868,Dennis_In_Mexico,"['Aowesome~!!', 'Elon', 'is', 'on', 'our', 'side.', 'to', 'the', 'moon.', 'ğŸš€ğŸš€ğŸš€ğŸš€ğŸš€ğŸš€', '$gme']",TSLA
1612440839,PuNxSHeR,"['Elon', 'musk', 'tweeted']",TSLA
1612440599,Saiyon_,"['â€œI', 'am', 'become', 'meme,', 'Destroyer', 'of', 'shortsâ€', '-Papa', 'Elon', 'ğŸš€ğŸš€ğŸ’ğŸ™Œ']",TSLA
1612440193,Traditional_Wall5880,"[""Where's"", 'Papa', 'Elon', 'the', 'Philanthropist?']",TSLA
1612440086,[deleted],"['[lol]', 'Did', 'you', 'hear', 'what', 'our', 'boy', 'ELON', 'MUSK', 'said', 'about', 'DOGE?!?', 'LIVE', 'INTERVIEW', 'AUDIO']",TSLA
1612440019,Tempounplugged,"['I', 'made', 'the', 'connections', 'and', ""I'm"", 'convinced', 'Elon', 'likes', 'Nokia', '$NOK']",TSLA
1612439947,Spartan-048,"['Elon', 'is', 'pushing', 'Dogecoin', 'up!']",TSLA
1612439916,[deleted],"['Elon', 'is', 'our', 'messiah']",TSLA
1612439905,Accomplished-Night37,"['Guys', 'MJNA$', 'up', '37%', 'today', 'alone!', 'Get', 'in', 'ğŸ’ğŸš€', 'everyone', 'stick', 'together', 'and', 'we', 'squeeze', 'this', 'and', 'everyone', 'makes', 'money!!', 'MJNA$', 'We', 'need', 'an', 'Elon', 'tweet!']",TSLA
1612439869,Psychological_Link68,"['Elon', 'power']",TSLA
1612439854,[deleted],"['I', 'connected', 'the', 'dots', 'and', 'I', 'think', 'Elon', 'likes', 'Nokia', '$Nok']",TSLA
1612439851,Jamjaban,"['Elon', 'has', 'landed']",TSLA
1612439755,ApprehensiveBar5580,"['Elon', 'is', 'sending', 'Dogecoin', 'to', 'the', 'moon!Better', 'board', 'the', 'ship', 'ğŸš€', 'ğŸš€', 'ğŸš€']",TSLA
1612439723,stocktalksociety,"['ELON', 'HAS', 'SPOKEN']",TSLA
1612439700,dnyank1,"['Did', 'you', 'hear', 'what', 'our', 'boy', 'ELON', 'MUSK', 'said', 'about', 'DOGE?!?', 'LIVE', 'INTERVIEW', 'AUDIO']",TSLA
1612439482,[deleted],"['Did', 'you', 'hear', 'what', 'our', 'boy', 'ELON', 'MUSK', 'said', 'about', 'DOGE?!?', 'LIVE', 'INTERVIEW', 'AUDIO']",TSLA
1612439272,1NTENZZ,"['Buy', 'fucking', 'dogecoin.', 'Hodl', 'diamond', 'hands.', ""Let's"", 'this', 'shit.', 'Elon', 'Musk', 'tweeted', 'dogecoin', 'again.', 'Tweeted', 'again.']",TSLA
1612439261,Equal-Constant-2033,"['I', 'knew', 'he', 'loved', '$Doge', 'Elon', 'is', 'taking', 'us', 'to', 'the', 'moon!!!!']",TSLA
1612438811,naturallysonny,"['Papa', 'Elon', 'has', 'spoken!ğŸš€ğŸš€']",TSLA
1612438617,wht-hpnd-2-hmnty,"['Why', 'elon', 'pumpin', 'doge?']",TSLA
1612438563,Hyhacz,"['Itâ€™s', 'confirmed.', 'Elon', 'is', 'biggest', 'ape', 'of', 'all.', 'ğŸš€ğŸš€ğŸš€ğŸš€ğŸš€ğŸš€']",TSLA
1612438483,Hyhacz,"['Itâ€™s', 'confirmed.', 'Elon', 'is', 'biggest', 'ape', 'of', 'all.', 'ğŸš€ğŸš€ğŸš€ğŸš€ğŸš€ğŸš€']",TSLA
1612438471,MaxyGDodoubleG,"['Papa', 'ELON', 'just', 'TRIPLED', 'DOWN', 'on', 'us!', 'This', 'is', 'it!', 'HOOOOLD!!!!']",TSLA
1612438422,[deleted],"['Papa', 'Elon', 'has', 'spoken!']",TSLA
1612438381,IdealMaster87,"['ALL', 'OF', 'TWEET', 'ELON', 'MUSK', 'TO', 'SAY', 'AMC', '!!!!']",TSLA
1612438206,MaxyGDodoubleG,"['Papa', 'ELON', 'just', 'tripled', 'down', 'on', 'us', 'on', 'TWITTER!!!', 'Hold', 'the', 'LINE!!!!!!']",TSLA
1612438091,Puzzleheaded-Task416,"['Dady', 'elon', 'will', 'bring', 'us', 'to', 'the', 'moon', 'ğŸš€']",TSLA
1612438080,FlyParticular8043,"['Papa', 'Elon', 'is', 'on', 'our', 'side', '!!!!', 'HOLD', 'AND', 'BUY']",TSLA
1612437859,WINk_time,"['Papa', 'Elon', 'Has', 'Spoken', 'It', 'DogeCoin', 'Time']",TSLA
1612437764,RisknoReward,"['$gme', 'ELON', 'MUSK', '$doge']",TSLA
1612437645,CPTBourne,"['DADDY', 'PAPA', 'ELON', 'LADIES', 'AND', 'GENTLEMEN', 'ğŸš€ğŸš€ğŸš€', 'REFUEL', 'AND', 'GET', 'READY', 'FOR', 'LIFT', 'OFF', 'MY', 'FELLOW', 'AUTISMOS']",TSLA
1612437546,wtfal,"['TODAY', 'DOGECOINğŸ•', 'GO', 'TO', 'THE', 'MOONğŸŒ!!!!', 'Elon', 'Support', 'US!!!']",TSLA
1612437374,thatasianguyindallas,"['ELON', 'MUSK', 'just', 'tweeted', 'he', 'is', 'the', 'DESTROYER', 'OF', 'SHORTS!', 'Hopefully', 'that', 'doesnâ€™t', 'explain', 'why', 'heâ€™s', 'not', 'wearing', 'pants.', '*I', 'may', 'or', 'may', 'not', 'have', 'influenced', 'this', 'along', 'with', 'Trey', 'over', 'at', 'Treyâ€™s', 'Trades.', 'The', 'AMC', 'stock,', 'not', 'his', 'shorts.', 'ğŸ¤“ğŸš€ğŸš€ğŸš€ğŸš€ğŸš€ğŸš€ğŸš€ğŸš€ğŸ’ğŸ’ğŸ’ğŸ’ğŸ’ğŸ’ğŸ’ğŸ¤‘']",TSLA
1612437301,JuggernautPure1494,"['Elon', 'Musk', 'Said', 'DOGE', 'so', 'letâ€™s', 'get', 'that', 'guys']",TSLA
1612437239,TheRealWhats,"['Elon', 'backing', 'Dogecoin!']",TSLA
1612437227,1955FL,"['Elon', '+', 'SpaceX', 'taking', 'us', 'to', 'the', 'moon?']",TSLA
1612436773,1955FL,"['Elon', '+', 'SpaceX', 'gonna', 'take', 'us', 'to', 'the', 'moon?']",TSLA
1612436761,luuxter,"['Elon', 'Musk', 'is', 'still', 'behind', 'us!', 'Keep', 'the', 'faith', '&amp;', 'HOLD!']",TSLA
1612436719,[deleted],"['Elon', 'Musk', 'is', 'still', 'behind', 'us!']",TSLA
1612436512,Fantastic-Ad-6488,"['Gondor', 'calls', 'for', 'Aid,', 'will', 'ELON', 'answer?']",TSLA
1612436477,floppish,"['Is', 'Elon', 'Musk', 'planning', 'to', 'invest', 'in', 'GME?']",TSLA
1612436408,Proud-Confection-534,"['TODAYâ€˜S', 'DOGE-DAY', 'AND', 'ELON', 'POSTET', 'AGAIN,', 'I', 'HAVE', '+63%', 'ğŸ¤‘']",TSLA
1612436379,haato1,"[""We've"", 'got', 'ourselves', 'a', 'meme', 'lord', 'ladies', 'and', 'gentlemen.', 'Elon', 'has', 'reincarnated', 'into', 'a', 'massive', 'Genius', 'Ape', 'Meme.', 'I', 'say', 'he', 'has', 'to', 'be', 'the', 'honorary', 'MemeLord', 'of', 'WSB.']",TSLA
1612436102,robinfood90,"['ELON', 'MUSK', 'PLAYLIST', 'FROM', 'APPLE', 'MUSIC']",TSLA
1612435938,magic-money-tree,"['Elon', 'is', 'going', 'to', 'send', 'GME', '/', 'AMC', 'soon...']",TSLA
1612435784,[deleted],"['Wake', 'up', 'apes!', 'Elon', 'is', 'with', 'us!!!']",TSLA
1612435685,lenz1002,"['Support', 'from', 'Elon', '-', 'Cryptic', 'but', 'assuring']",TSLA
1612435494,FlyEaglesFly845,"['ELON', 'MUSK', 'AND', 'MONKEYS']",TSLA
1612435308,investtodayforlife,"['TWEET', 'ELON', 'MUSK', 'TO', 'SUPPORT', 'THE', 'CAUSE', 'ğŸ’ğŸ’ğŸ’ğŸ’ğŸ’ğŸ’ğŸ’ğŸ’']",TSLA
1612435149,bBlastONE,"['Elon', 'musk', 'has', 'spoken']",TSLA
1612434942,Jops123,"['Elon', 'tweets', 'about', 'Doge']",TSLA
1612434809,richardson7781,"['Talk', 'of', 'Elon', 'Mosk', 'joining', 'the', 'AMC', 'ROCKETS', 'WITH', 'THE', 'DIAMONDS', '&amp;', 'APES', 'ğŸ’ğŸ’ğŸ’ğŸ’ğŸš€ğŸš€ğŸš€ğŸš€']",TSLA
1612434792,[deleted],"['Elon', 'Musk', 'tweeting', 'about', 'Dogecoin,', 'some', 'say', 'he', 'is', 'hacked.']",TSLA
1612434762,stevencage-13,"['Tweet', 'from', 'elon', 'musk', '25', 'min', 'ago!']",TSLA
1612434678,yogawithyoda-,"['ELON', 'IS', 'BACK']",TSLA
1612434621,Wise-Hearing9276,"['HAIL', 'TO', 'MEME', 'LORD', 'ELON', 'MUSK']",TSLA
1612434538,goodbadmorning,"['Elon', 'being', 'Elon.']",TSLA
1612434484,[deleted],"['Thanks', 'Elon', 'ğŸš€', 'ğŸ’ğŸ™ŒğŸ»']",TSLA
1612434387,[deleted],"['Elon', '*the', 'destroyer', 'of', 'shorts*']",TSLA
1612434349,Mynameisnotchris,"['Elon', 'Musk', 'likes', 'the', 'coin.', 'If', 'he', 'likes', 'it,', 'I', 'like', 'it.', ""I'm"", 'betting', 'heavily', 'on', 'Sebulba']",TSLA
1612434268,[deleted],"['Elon', 'is', 'still', 'on', 'our', 'side']",TSLA
1612434224,PoorInvestor69,"['Elon', 'Pushes', 'DOGE', 'to', 'the', 'Moon']",TSLA
1612434153,[deleted],"['Elon', 'has', 'tweeted!', 'This', 'is', 'not', 'over', 'boys!!']",TSLA
1612434134,Morex2000,"['There', 'we', 'go', 'again!', 'Papa', 'Elon', 'still', 'with', 'us!']",TSLA
1612434100,CalmCanadian1979,['Elon'],TSLA
1612434069,Chanti239,"['Elon', ',', 'the', 'destroyer', 'of', 'shorts', '!ğŸ¤£ğŸ¤£']",TSLA
1612433947,CompetitiveB,"['Elon', 'likes', 'this', 'stock', '2.0', '=', 'squeeze', '2.0?']",TSLA
1612433918,keeperofthrones,"['Elon', 'Musk', 'on', 'tweeting', 'hysteria.', 'ğŸš€ğŸš€ğŸš€']",TSLA
1612433915,Ex07viper,"['Elon', 'musk']",TSLA
1612433779,oCinders,"['Elon', 'is', 'with', 'us', 'BUY', 'DOGE!!!']",TSLA
1612433724,[deleted],"['Elon', 'hath', 'ascended']",TSLA
1612433634,Hairy_Efficiency60,"['Elon', 'tweeted']",TSLA
1612433603,JealousOrdinary3720,"['Elon', 'Musk', 'is', 'the', 'destroyer', 'of', 'shorts!']",TSLA
1612433582,SpockOnPilgrimage,"['Elon', '-', 'Destroyer', 'of', 'Shorts']",TSLA
1612433574,mmgid,"['King', 'Elon', 'is', 'a', 'ğŸ¦?!']",TSLA
1612433537,[deleted],"['Elon', 'Musk', 'will', 'be', 'our', 'savior']",TSLA
1612433531,Anirapis,"['Papa', 'Elon', 'Tweet,', 'WTF', 'does', 'that', 'mean?ğŸš€ğŸš€ğŸš€']",TSLA
1612433493,rytis_rytis,"['Elon', 'on', 'our', 'side', '!!']",TSLA
1612433473,[deleted],"['All', 'hail', 'our', 'lord', '&amp;', 'savior', 'Elon', 'ğŸ’ğŸ™ğŸ’']",TSLA
1612433461,KeesKoning69,"['ELON', 'IS', 'ON', 'BOARD', 'ğŸš€', 'ğŸš€', 'ğŸš€', 'ğŸš€', 'ğŸš€']",TSLA
1612433460,vamshibtc,"['Elon', 'musk', 'Twitter', 'ID', 'hacked', 'or', 'he', 'seriously', 'shilling', 'doge', 'again.']",TSLA
1612433460,Professional-Ask-458,"['Papa', 'Elon', 'says', 'ğŸš€ğŸŒ‘']",TSLA
1612433454,Teqniz,"['Elon', 'Musk', 'Supporting', 'the', 'cause?', 'ğŸš€ğŸš€ğŸš€']",TSLA
1612433444,Doaneventry,"['Elon', 'beacon', 'of', 'light']",TSLA
1612433442,[deleted],"['Daddy', 'Elon', 'has', 'spoken']",TSLA
1612433430,bruxso,"['Papa', 'Elon']",TSLA
1612433426,baffomem,"['Papi', 'Elon', 'destroyer', 'of', 'shorts', 'ğŸš€ğŸš€ğŸš€ğŸš€ğŸš€ğŸš€ğŸš€ğŸš€ğŸš€ğŸš€ğŸš€ğŸš€ğŸš€ğŸš€']",TSLA
1612433406,TriumphantOrgasm,"['Elon', 'with', 'us!']",TSLA
1612433405,Dedan132706,"['Dodge', 'and', 'Elon', 'ğŸš€']",TSLA
1612433388,PaleontologistTop826,"['papa', 'elon']",TSLA
1612433343,Vicmad_84,"['Elon', 'ğŸ§¡ğŸ¶coin', 'again']",TSLA
1612433211,Vicmad_84,"['Elon', 'â¤ğŸ¶coin', 'again', 'ğŸ˜ğŸ˜ğŸ˜']",TSLA
1612433139,Relative-March-6884,"['Elon', 'Musk', 'Returns', 'to', 'Praise', 'Dogecoin']",TSLA
1612433060,Jazzlike_Kick_1094,"['LISTEN', 'TO', 'ELON', 'RIGHT', 'NOW', 'HE', 'IS', 'SPEAKING', 'DIRECTLY', 'TO', 'US!']",TSLA
1612432818,MiloxPepega,"['Dogecoin', 'and', 'Elon', 'Musk']",TSLA
1612432810,ssbaum,"['Elon', 'approves!', 'Doge']",TSLA
1612432797,Upstairs_Affair,"['Elon', 'Musk', '1', 'Hr', 'Ago', '-', 'No', 'highs,', 'no', 'lows,', 'only', 'Doge']",TSLA
1612432647,Background_Egg_6904,"['Elon', 'and', 'Sandstorm?', '$SAND']",TSLA
1612432331,nikitagwhite,"['Elon', 'Musk:', 'Dogecoin', 'is', 'the', 'peopleâ€™s', 'crypto']",TSLA
1612432277,L57S,"['Elon', 'musk', 'backing', 'doge', 'massively', 'on', 'Twitter']",TSLA
1612432017,Lower-Type-2208,"['Is', 'Elon', 'trying', 'to', 'raise', 'doge?', ""Everybody's"", 'looking', 'for', 'the', 'next', 'GME.']",TSLA
1612431931,ctscott203,"['ELON', 'TWEETS', 'ABOUT', 'DOGGY!!!']",TSLA
1612431684,riversderivera,"['TWEET', 'ELON', 'MUSK', 'ABOUT', 'AMC']",TSLA
1612431363,Ultradani-R6,"['Elon', 'Musk', 'posting', 'Doge', 'Memes', 'should', 'I', 'go', 'with', 'the', 'Hype?']",TSLA
1612431054,willford-2323,"['Elon', 'Musk']",TSLA
1612431024,MaxisGames,"['Papa', 'Elon', 'is', 'heping', 'us', 'with', 'Digecoin']",TSLA
1612431022,StockShopper,"['ELON', 'loving', 'DOGE', 'at', '2:30am?']",TSLA
1612430928,willford-2323,"['Elon', 'Musk']",TSLA
1612430655,Fit_Communication201,"['PAPA', 'ELON', 'IS', 'BACK']",TSLA
1612430481,anonymous_0410,"['Elon', 'Musk', 'on', 'Twitter', '#DogeArmy']",TSLA
1612430268,ishrakchy1,"['Thank', 'you', 'Elon', 'Musk']",TSLA
1612430206,[deleted],"['Elon', 'Pumps,', 'and', 'our', 'dog', 'humps.']",TSLA
1612430065,[deleted],"['Elon', 'Pumps', 'and', 'our', 'Doge', 'Humps', 'ğŸ’¦']",TSLA
1612429991,[deleted],"['Here', 'We', 'Go', 'Again...', 'As', 'Bitcoin', 'Nears', '$40,000,', 'Tesla', 'CEO', 'Elon', 'Musk', 'Has', 'Sent', 'The', 'Dogecoin', 'Price', 'Sharply', 'Higher']",TSLA
1612429948,Make_some,"['Elon', 'says,', 'Your', 'Move.']",TSLA
1612429938,spankmewetmop,"['Elon', 'promoted', 'DOGE', 'Coin', 'again']",TSLA
1612429902,[deleted],"['Elon', 'Musk,', 'Dogecoin,', 'What', 'more', 'do', 'I', 'need', 'to', 'say?', 'ğŸš€ğŸš€ğŸš€']",TSLA
1612429838,PlasmaHanDoku,"['Elon', 'Musk,', 'the', 'alpha', 'monke']",TSLA
1612429710,StockShopper,"['ELON', 'ever', 'sleep?', 'Doge', 'again', 'this', 'morningğŸ˜„']",TSLA
1612429685,PracticalWinner3579,"['Elon', ""Musk's"", 'recent', 'post!!!!', 'Doge', 'we', 'going', 'to', 'the', 'moon', 'ğŸš€ğŸš€']",TSLA
1612429674,sumGrenades,"['Elon', 'is', 'drunk', 'rn']",TSLA
1612429555,No-Ecucatedturk,"['Elon', 'fights', 'for', 'dogs', 'ğŸ¶ğŸ¶ğŸ¶']",TSLA
1612429319,SurajNarang,"['Elon', 'Musk', 'promoting', 'DOGE', '!!']",TSLA
1612429199,jdcjdc,"['ELON', 'PUMPED', 'DOGE', 'ğŸš€ğŸš€ğŸš€ğŸŒ•', 'TO', 'THE', 'MOON!!']",TSLA
1612429153,crisavemen,"['THANKS', 'ELON', 'ğŸš€', 'ğŸš€', 'ğŸš€', 'ğŸš€']",TSLA
1612429101,freddywap197,"['Elon', 'TWEETED!!!', 'DOGE', 'TO', 'THE', 'MOON!!!!']",TSLA
1612429100,sycohnda209x,"['Elon', 'has', 'spoken', 'Doge', 'ğŸš€ğŸš€ğŸš€']",TSLA
1612429093,crisavemen,"['THANKS', 'ELON', '#DOGE', 'TO', 'THE', 'MOON', 'ğŸš€', 'ğŸš€', 'ğŸš€', 'ğŸš€']",TSLA
1612429077,ChampionshipMurky286,"['Dogecoin', 'going', 'up', 'fast', 'since', 'Elon', 'musk', 'said', 'something', '20', 'mins', 'ago.', 'Think', 'itâ€™s', 'worth', 'it?']",TSLA
1612429054,[deleted],"['FOLLOW', 'DADDY', 'ELON', 'AND', 'MAKE', 'MONEY']",TSLA
1612429038,rubroe,"['Elon', 'for', 'Doge', 'ğŸ’ğŸ’ğŸ’ğŸ’ğŸš€ğŸš€ğŸš€ğŸš€']",TSLA
1612428950,Ghater123,"['LORD', 'ELON', 'HAS', 'SPOKEN']",TSLA
1612428880,[deleted],"['And', 'so', 'it', 'begins,', 'DOGE', 'up', '40%', 'and', '4', 'consecutive', 'tweets', 'from', 'papa', 'Elon']",TSLA
1612428857,Altarifi1,"['Elon', 'Tweeted', 'Dogecoin']",TSLA
1612428813,Duke_of_Sudeten,"['In', 'Elon', 'we', 'trust']",TSLA
1612428807,GunkMastaflex,"['Elon', 'Musk', 'is', 'going', 'rogue.']",TSLA
1612428732,Moosin_around,"['Dogecoin', 'is', 'rallying', 'thanks', 'to', 'Elon', 'Musk.', ':)', 'ğŸ’ğŸ’ğŸ¤²ğŸ¾']",TSLA
1612428598,Wil_Hogan78,"['Papa', 'Elon', 'one', 'word', 'tweet....DOGE']",TSLA
1612428531,Conrad-C,"['We', 'need', 'real', 'ğŸ’ğŸ™ŒğŸ¼', 'heres', 'your', 'second', 'chance', ',', 'check', 'out', 'Elon', 'Musk', 'Twitter']",TSLA
1612428489,Delicious-Cucumber81,"['Elon', 'has', 'spoken']",TSLA
1612428377,misterlee12395,"['ELON', 'MUSK', 'MADE', '6', 'POST', 'PROMOTING', 'DOGE', 'ğŸš€ğŸš€ğŸš€ğŸš€ğŸš€']",TSLA
1612428353,StockShopper,"['Elon', 'is', 'a', 'pretty', 'fun', 'and', 'funny', 'guy!']",TSLA
1612428188,BubblyActuator2627,"['I', 'watched', 'Elon', 'Musk', 'Send', 'a', 'rocket', 'up', 'tonight', 'at', '1:21AM', 'Crazy!!!ğŸš€']",TSLA
1612428160,hugosantini,"['Elon', 'and', 'DOGE']",TSLA
1612428146,Kitchen86-86,"['Daddy', 'Elon', 'has', 'spoken,', 'DOGE', 'it', 'is']",TSLA
1612428044,tomjay1503,"['ELON', 'MUSK', 'ğŸš€', 'DOGE']",TSLA
1612428015,SagaciousMarmot,"['I', 'canâ€™t', 'wait', 'until', 'the', 'retards', 'wake', 'up', 'and', 'see', 'what', 'drunk', 'Papa', 'Elon', 'is', 'tweeting', 'right', 'now...', '#dogecoin', '#tothemoon', 'ğŸ¦ğŸ’ªğŸ’ğŸ™Œ']",TSLA
1612427988,sirkeithes,"['Elon', 'Musk', 'tweets', 'ğŸ‘€']",TSLA
1612427911,CH453ML4N3,"['I', 'think', 'Elon', 'is', 'trying', 'to', 'make', 'some', 'changes']",TSLA
1612427908,Korbaxu,"['Elon', 'Musk', 'and', 'the', 'love', 'for', 'DODGE', 'coin', 'ğŸš€ğŸš€ğŸš€']",TSLA
1612427848,chickensteakbiscuit,"['Dogecoin', 'Elon', 'Tweet']",TSLA
1612427833,AsiaNxNinja,"['Elon', 'musk', 'just', 'blessed', 'us', 'all']",TSLA
1612427804,OwnPrices,"['Elon', 'Musk', 'tweet', 'about', 'Dogecoin', '&amp;', 'it', 'flies!']",TSLA
1612427769,Massive-Highlight-35,"['Elon', 'Musk', '(@elonmusk)', 'the', 'Prophet', 'has', 'spoken', '$DODGE', 'ğŸš€ğŸš€ğŸš€ğŸš€']",TSLA
1612427739,wyboongk,"['Elon', 'Musk', ':', 'Dogecoin', 'is', 'the', 'peopleâ€™s', 'crypto']",TSLA
1612427737,Ghofy2047,"['ELON', 'TWEETS', 'â€œDOGECOIN', 'IS', 'THE', 'PEOPLEâ€™S', 'CRYPTO', 'â€œ', 'ğŸš€ğŸ’']",TSLA
1612427727,Jihaysse,"['Elon', 'Musk', 'RAMPAAAGE']",TSLA
1612427711,Purochucote,"['Elon', 'x', 'Doge']",TSLA
1612427710,raminajjar,"['UPVOTE', 'FOR', '$DOGE', 'ELON', 'MUSK', 'x', 'WSB', 'TARDS', 'TO', 'THE', 'MOOOON']",TSLA
1612427649,imahuman232323,"['Elon', 'tweeted', 'about', 'Doge', 'ğŸš€ğŸš€ğŸš€']",TSLA
1612427634,scarface4567,"['Elon', 'has', 'spoken']",TSLA
1612427571,OniiChanLuL,"['Doge', 'to', 'the', 'Moon', 'Elon', 'has', 'spoken!']",TSLA
1612427522,StudyAccomplished963,"['See', 'Elon', 'tweet!!!!!!!!', 'Doge', 'coin']",TSLA
1612427506,J5R0V3,"['DOGECOIN', 'ğŸš€ğŸš€ğŸš€ğŸš€ğŸš€ğŸš€', 'Thanks', 'Elon', 'Musk', 'Lets', 'hold', 'it', 'up', 'people!!!!!!', 'ğŸ¶ğŸ¶ğŸ¶ğŸ¶']",TSLA
1612427421,scheffxp,"['Elon', 'is', 'having', 'fun', 'tonight.', 'Love', 'this', 'meme.', 'Iâ€™m', 'new,', 'hai.']",TSLA
1612427340,P1X3LP1MP,"['Elon', 'Musk', 'on', 'Twitter']",TSLA
1612427185,eadcda,"['Papa', 'Elon', 'and', 'we', 'gon', 'take', 'dogecoin', 'to', 'mars!!!', 'Lets', 'do', 'it!']",TSLA
1612427174,Onesandroone,"['Elon', 'with', 'us!']",TSLA
1612427022,giodude07,"['I', 'know', 'crypto', 'is', 'not', 'allowed', 'here', 'but', 'our', 'master', 'elon', 'just', 'had', 'a', 'tweet', 'about', 'DOGE', '@r/wallstreetbets']",TSLA
1612427013,BayArea_Bombay,"['Elon', 'musk', 'just', 'posted', 'multiple', 'tweets', 'on', 'DogeCoin!!!!!']",TSLA
1612426976,Jonas1dehoog,"['Dogecoin', 'certified', 'gangster', 'by', 'Elon', 'Musk']",TSLA
1612426963,jaco711,"['ELON', 'TWEETS', 'AND', 'DOGE', 'RISES!']",TSLA
1612426944,MOGO-Hud,"['ELON', 'HAS', 'SPOKEN!', 'HEâ€™S', 'WITH', 'THE', 'DOGE', 'ARMY!']",TSLA
1612426902,TheMoneyTeam254,"['Elon', 'and', 'DOGE']",TSLA
1612426878,Mazaldo12,"['ELON', 'MUSK', 'TWEETS', 'ABOUT', 'DOGE!', 'TO', 'THE', 'MOON!', 'ğŸš€']",TSLA
1612426823,jayceesview,"['Elon', 'Musk', 'on', 'Twitter']",TSLA
1612426819,NegotiationEast6256,"['Elon', 'Musk', 'just', 'posted', 'this', 's', 'about', '@dogecoin!', '#dogecoin.', 'Price', 'will', 'skyrocket', 'by', 'tomorrow.', 'Buy', 'buy', 'buy', 'now', 'before', 'it', 'hits', 'an', 'all', 'time', 'high', 'again!', 'Thank', 'me', 'later']",TSLA
1612426783,Conrad-C,"['Elon', 'tweeted', 'Dogecoin', 'ğŸš€ğŸš€ğŸš€ğŸš€ğŸŒ‘ğŸ’ğŸ™ŒğŸ¼']",TSLA
1612426770,Ilikethestock_103,"['Daddy', 'Elon', 'has', 'spoken!!!', 'To', 'the', 'f$&amp;@ing', 'moon', 'and', 'beyond!!!']",TSLA
1612426747,elmayo9,"['Daddy', 'Elon', 'doing', 'his', 'thing', 'for', 'Doge.', 'Still', 'early', 'boys.']",TSLA
1612426732,Dry-Bandicoot-8253,"['Elon', 'Musk', 'just', 'backed', '#doge']",TSLA
1612426715,Conrad-C,"['Thank', 'you', 'papa', 'Elon']",TSLA
1612426708,2bakednate,"['Get', 'ready,', 'elon', 'waiting', 'for', 'us', 'at', 'the', 'moon', 'base', 'you', 'bunch', 'of', 'retards!', '#dogecoin']",TSLA
1612426626,1353-,"['Elon', 'Tweeting', 'DOGE']",TSLA
1612426527,midknightlights,"['DOGECOIN', 'IS', 'GOING', 'TO', 'THE', 'MOOOOOON!!!', 'ELON', 'MUSK', 'COMING', 'IN', 'CLUTCH!', 'Look', 'at', 'that', 'price', 'spike!']",TSLA
1612426518,itsgonnabeokayyyyy,"['ELON', 'MUSK.', 'â€œDOGE.â€']",TSLA
1612426433,Sudden_Instruction51,"['Elon', 'musk', 'doge', 'ğŸš€ğŸš€ğŸš€ğŸš€ğŸš€ğŸš€ğŸš€', 'to', 'moon']",TSLA
1612426395,Sudden_Instruction51,"['Elon', 'Musk', 'on', 'Twitter', 'dogeğŸ¤˜ğŸ»ğŸ’°ğŸš€ğŸš€ğŸš€ğŸš€ğŸš€ğŸš€ğŸš€ğŸš€ğŸš€ğŸš€']",TSLA
1612426386,dr-peeper15,"['doge-coin', 'is', 'on', 'the', 'move..', 'Elon', 'tweeted', 'twice', 'about', 'in', 'the', 'past', 'hour.']",TSLA
1612426299,Conrad-C,"['Elon', 'tweeted', 'Doge']",TSLA
1612426282,[deleted],"['Papa', 'Elon', 'again', 'ğŸ˜‚']",TSLA
1612426261,Sad_Swordfish_8798,"['Elon', 'musk', 'just', 'tweeted', 'about', 'doge', 'again', 'twice']",TSLA
1612426220,Conrad-C,"['Is', 'Elon', 'tweeting', 'Dogecoin?', 'ğŸ¤«']",TSLA
1612426162,[deleted],"['Elon', 'has', 'spoken']",TSLA
1612426154,Supersquirter1993,"['Elon', 'with', 'the', 'Tweet,', 'â€œDOGEâ€', 'Buy', 'and', 'hold', 'boys!!!!', 'We', 'are', 'going', 'to', 'the', 'moon!!!']",TSLA
1612426139,[deleted],"['The', 'Doge', 'coin', 'king....', 'By', 'Elon']",TSLA
1612426101,PersonalDimension823,"['Tag', 'elon', 'musk!!', 'Get', 'this', 'through', 'the', 'internet!!!', 'HOLD', 'the', 'line', 'boys!', 'The', 'MOOOOON', 'is', 'coming!!!!ğŸš€ğŸš€']",TSLA
1612426064,[deleted],"['Tag', 'elon', 'musk!!', 'Get', 'this', 'through', 'the', 'internet!!!', 'HOLD', 'the', 'line', 'boys!', 'The', 'MOOOOON', 'is', 'coming!!!!ğŸš€ğŸš€']",TSLA
1612425984,dyal96,"['AFTER', 'ELON', ""MUSK'S"", 'TWEET', 'THE', 'PRICE', 'WILL', 'GO', 'INSANELY', 'HIGH', 'ğŸ˜‰', 'UPVOTE', 'IF', 'YOU', 'ARE', 'THINKING', 'THE', 'SAME.', 'OR', 'COMMENT', ""WHAT'S"", 'YOUR', 'THOUGHTS', 'ON', 'THIS', 'TWEET?', 'ğŸ˜†', 'ğŸš€', 'ğŸ¶']",TSLA
1612425974,stonkstonkstonk___,"['PAPA', 'ELON', 'HAS', 'SPOKEN!!!']",TSLA
1612425966,JungleGeorge0168,"['Elon', 'musk', 'is', 'praising', 'dogecoin..?ğŸš€']",TSLA
1612425939,insertdadpunhere,"['Fuckin', 'Elon']",TSLA
1612425888,Beginning-Ring7373,"['Elon', 'Musk']",TSLA
1612425872,pophardcase,"['Elon', 'has', 'spoken']",TSLA
1612425853,dimola1313,"['Elon', 'Musk', 'on', 'Twitter', 'Elon', 'Pumping', 'Dogecoin', 'to', 'the', 'moon', 'randomly', 'at', '3', 'in', 'the', 'morning']",TSLA
1612425775,Ezthepzfrosted,"['Elon', 'musk', 'tweeted', 'about', 'dodge', 'coin']",TSLA
1612425735,pophardcase,"['Elon', 'has', 'spoken']",TSLA
1612425544,Nice_Deal7311,"['ELON', 'MUSK', 'TWEETED', 'ABOUT', 'DOGE', 'COIN,', 'WEâ€™RE', 'GOING', 'TO', 'GODDAMN', 'MOON', 'MEN', 'AND', 'WOMEN', 'ğŸŒ™ğŸš€ğŸš€.', 'Letâ€™s', 'get', 'a', 'doge', 'on', 'the', 'next', 'spacex', 'rocket!!!']",TSLA
1612425312,[deleted],"['Elon', 'musk', 'just', 'tweeted', 'this,', 'to', 'the', 'moon', 'ğŸŒ™', 'âœ¨']",TSLA
1612425249,urmomsuckedmytits,"['elon', 'musk', 'AMC']",TSLA
1612425114,RockwellHardness,"['ELON', 'SAID', 'DOGE', 'BUT', 'WE', 'KNOW', 'HE', 'MEANT', '$GME', 'ğŸ’âœ‹', 'HOOOLD', 'âœŠ', 'TO', 'THE', 'MOON', 'ğŸš€ğŸš€ğŸš€']",TSLA
1612425090,costi99192,"['Elon', 'posted', 'DogeğŸ™']",TSLA
1612425012,Substantial_College2,"['Elon', 'musk', 'tweets', 'doge', 'again.', 'Here', 'we', 'go']",TSLA
1612424901,fidoflores,"['ELON', 'MUSK', 'TWEETED', 'ABOUT', 'DOGE']",TSLA
1612424829,Trick_Garbage_2912,"['DOGE', 'TO', 'THE', 'MOON', 'WITH', 'ELON']",TSLA
1612424813,Next_Sweet7288,"['Elon', 'has', 'spoken', 'dogecoin', 'to', 'the', 'moon']",TSLA
1612424752,Nice_Locksmith9273,"['Elon', 'musk', 'posted', 'DOGE', 'and', 'a', 'rocket', 'going', 'to', 'the', 'moon!!ğŸš€']",TSLA
1612424582,VladimirDimitrow,"['Elon', 'Musk', 'just', 'tweet', 'it:', 'TO', 'THE', 'MOON!']",TSLA
1612424566,MrDanger,"['Tweets', 'from', 'Elon', 'just', 'now:', 'ğŸš€', 'Doge']",TSLA
1612424563,Grapejellytime,"['Elon', 'just', 'tweeted', 'Doge!', 'Boys', 'get', 'in!!!']",TSLA
1612424549,1337_KiLLeR,"['To', 'The', 'Mooooon', 'ğŸš€ğŸš€ğŸš€ğŸŒ•ğŸŒ•ğŸŒ•', '-', 'Courtesy', 'Elon']",TSLA
1612424200,Diamonddogedollar,"['Elon', 'is', 'back', 'on', 'Twitter!', 'DOGECOIN', 'ğŸš€ğŸ¤‘ğŸš€']",TSLA
1612424172,metast,"['Elon', 'Musk', 'explaining', 'why', 'he', 'doesn`t', 'like', 'shortselling', 'and', 'Tesla', 'being', 'under', 'attack.']",TSLA
1612424116,DesignerBlackberry92,"['ELON', 'MUSK', 'TO', 'THE', 'MOON']",TSLA
1612424109,NosotrosSomosSparta,"['I', 'think', 'Elon', 'Musk', 'is', 'trying', 'to', 'tell', 'us', 'something...', 'ğŸš€', 'ğŸŒ']",TSLA
1612424095,[deleted],"['Elon', 'tweeted', 'this', 'not', 'so', 'cryptic', 'image..', 'ğŸš€', 'to', 'the', 'ğŸŒ']",TSLA
1612424008,itz_itz,"['Papa', 'Elon', 'with', 'a', '(not', 'so)', 'secret', 'massage', ':)']",TSLA
1612423974,elduro13,"['Elon', 'trying', 'to', 'tell', 'us', 'something?', '$GME', 'ğŸš€', 'to', 'the', 'moon!']",TSLA
1612423936,herbandspiceforlife,"['Elon', 'getting', 'sneaky', 'with', 'his', 'support']",TSLA
1612423629,JunkyardBF34,"['Elon', 'Musk,', 'an', 'African', 'American,', 'is', 'the', 'richest', 'person', 'in', 'the', 'world']",TSLA
1612422758,mzelaya89,"['ELON', 'MUSK', 'BOUGHT', '4', 'Billion', 'dogecoin!!', '!!!!!', 'Omg!!!']",TSLA
1612422102,mzelaya89,"['Elon', 'musk', 'just', 'bought', '4', 'BILLION', 'DOGECOIN!!!!!', 'Holy', 'heck!!!!!']",TSLA
1612420395,No-Owl-3202,"['Dave', 'Portnoy', 'is', 'the', 'Elon', 'Musk', 'of', 'gambling', 'ğŸš€PENNğŸš€']",TSLA
1612414796,[deleted],"['Was', 'brainstorming', 'custom', 'license', 'plate', 'ideas', 'for', 'upcoming', 'GME', 'sponsored', 'Model', 'Y,', 'then', 'Elon', 'says', 'donâ€™t', 'buy', 'a', 'Y', 'yet.', 'Now', 'I', 'have', 'two', 'more', 'reasons', 'to', 'HOLD!']",TSLA
1612414603,[deleted],"['Was', 'brainstorming', 'custom', 'license', 'plate', 'ideas', 'for', 'upcoming', 'GME', 'sponsored', 'Model', 'Y,', 'then', 'Elon', 'says', 'donâ€™t', 'buy', 'a', 'Y', 'yet.', 'Now', 'I', 'have', 'two', 'more', 'reasons', 'to', 'HOLD!']",TSLA
1612412818,pixelblue1,"['Papa', 'Elon', 'discusses', 'Tesla', 'and', 'his', 'thoughts', 'on', 'short', 'selling']",TSLA
1612412270,Substantial_Nail9492,"['Calling', 'on', 'Elon', 'Musk,', 'Jeff', 'Bezos,', 'or', 'Bill', 'Gates', 'to', 'purchase', 'roughly', '69,000,000', 'shares', 'of', 'GME.', 'A', 'mere', '6.9', 'billion', 'dollars.']",TSLA
1612405264,Relative-Post-844,"['Elon', 'was', 'right.', 'SEC', 'stands', 'for', 'Short', 'Sellers', 'Enrichment', 'Commission.']",TSLA
1612403940,[deleted],"['GME', 'is....', 'What', 'to', 'do', '?', 'ğŸ’ğŸš€', 'or', '\U0001fa78ğŸ’¸.', 'So', 'I', 'was', 'thinking', 'ima', 'be', 'holding', 'boys', '&amp;', 'girls!', 'Ainâ€™t', 'nobody', 'taking', 'my', 'shares.', 'Also', 'in', 'AMC.', 'IMO', 'if', 'Elon', 'Musk/Tesla', 'or', 'GameStop', 'announce', 'some', 'kind', 'of', 'partnership,', 'what', 'do', 'you', 'guys', 'think', 'itâ€™s', 'gonna', 'happen?']",TSLA
1612403937,Brenegade11,"['Elon', 'left', 'us', 'faster', 'than', 'my', 'dad', 'when', 'we', 'went', 'out', 'for', 'cigs.']",TSLA
1612403351,Ancientamazon,"['ELON', 'MUSK:', 'TESLA', 'TO', 'ACCEPT', 'DOGE', 'COIN', 'FOR', 'AUTO-PILOT', 'TAXI', 'RIDE']",TSLA
1612401820,[deleted],"['The', 'next', 'step', 'should', 'be', 'to', 'get', 'Elon', 'Tusk', 'to', 'help', 'us', 'literally', 'send', 'a', 'GME/AME', 'sign', 'to', 'the', 'moon', 'so', 'the', 'news', 'stops', 'doubting', 'the', 'autism', 'in', 'this', 'group', 'ğŸš€ğŸš€ğŸš€ğŸš€ğŸŒ•']",TSLA
1612401037,[deleted],"['The', 'next', 'step', 'should', 'be', 'to', 'try', 'and', 'get', 'Elon', 'Musk', 'to', 'help', 'us', 'literally', 'send', 'a', 'GME/AMC', 'sign', 'to', 'the', 'moon!', 'ğŸš€ğŸš€ğŸš€ğŸš€ğŸŒ•']",TSLA
1612400153,ScoobsyDoobs,"['Vlad', 'sounds', 'like', '6th', 'grade', 'me', 'giving', 'my', 'Oliver', 'Twist', 'presentation', 'without', 'reading', 'the', 'book.', 'And', 'Mr.', 'Elon', 'knows', 'I', ""didn't"", 'read', 'it.']",TSLA
1612399600,bullish2020,"['Elon', 'off', 'Twitter,', 'Portnoy', 'quick', 'exiting,', 'DFV', 'backing', 'off', 'updates...', 'is', 'there', 'a', 'deeper', 'push', 'by', 'the', 'government', 'to', 'minimize', 'the', 'power', 'of', 'meme', 'stonks?']",TSLA
1612397321,dubistdochverstrahlt,"['Papa', 'Elon', 'went', 'off', 'Twitter', 'for', 'a', 'while']",TSLA
1612391912,mlgfisch,"['Found', 'Elon', 'Musks', 'Dogewallet']",TSLA
1612389220,StockOptionKing,"['Elon', 'Convo', 'with', 'Robinhood', '!!!!', 'Hilarious!!!']",TSLA
1612388859,I982retard,"['These', 'rich', 'fuqs', 'think', 'they', 'can', 'muscle', 'us', 'out.', 'Elon', 'musk', 'called', 'it!', 'Dogecoin', 'now', 'buy,', 'hold,', 'and', 'to', 'the', 'moon!', 'The', 'SEC', 'canâ€™t', 'regulate', 'crypto!!!!', 'DiamondğŸ’ğŸ’ğŸ’ğŸ’ğŸ’ğŸ’ğŸ–•ğŸ–•ğŸ–•ğŸ–•ğŸ–•ğŸ–•ğŸ–•ğŸ–•ğŸ–•ğŸ–•']",TSLA
1612388568,MarketWifiAdapter,"['Doge', 'Coin', 'to', 'Mars', 'song', 'out', 'now', 'on', 'YouTube!', 'Show', 'love', 'coin', 'army', 'this', 'is', 'our', '$1', 'anthem!!', 'You', 'wonâ€™t', 'regret', 'it...', 'letâ€™s', 'get', 'Elon', 'to', 'see', 'it', 'ğŸ‘€ğŸ‘€ğŸ‘€', 'https://youtu.be/mkep1gPuj9M']",TSLA
1612386677,[deleted],"['Citadel', 'and', 'Melvin', 'are', 'so', 'mad,', 'they', 'are', 'targeting', 'Elon', 'and', 'Chamath', 'as', 'the', 'culprits.']",TSLA
